#
# TABLE STRUCTURE FOR: communities
#

DROP TABLE IF EXISTS `communities`;

CREATE TABLE `communities` (
  `id` bigint(20) unsigned NOT NULL AUTO_INCREMENT,
  `name` varchar(145) COLLATE utf8mb4_unicode_ci NOT NULL,
  `description` varchar(245) COLLATE utf8mb4_unicode_ci DEFAULT NULL,
  `admin_id` bigint(20) unsigned NOT NULL,
  PRIMARY KEY (`id`),
  KEY `fk_communities_users_admin_idx` (`admin_id`),
  CONSTRAINT `fk_communities_users` FOREIGN KEY (`admin_id`) REFERENCES `users` (`id`)
) ENGINE=InnoDB AUTO_INCREMENT=101 DEFAULT CHARSET=utf8mb4 COLLATE=utf8mb4_unicode_ci;

INSERT INTO `communities` (`id`, `name`, `description`, `admin_id`) VALUES ('1', 'eius', 'Quis voluptatem suscipit eveniet perspiciatis dolores et. Qui autem officia ad error animi et dignissimos dolorem. Deserunt dolore a et. Possimus eligendi corporis et. Amet quo voluptatem totam quibusdam ut.', '1');
INSERT INTO `communities` (`id`, `name`, `description`, `admin_id`) VALUES ('2', 'qui', 'Omnis id earum quia dicta. Excepturi rerum qui laudantium incidunt architecto. Quam dolores porro aut odit.', '2');
INSERT INTO `communities` (`id`, `name`, `description`, `admin_id`) VALUES ('3', 'nostrum', 'Alias alias ipsam vitae. Ullam tenetur eos ea corporis consequuntur velit corrupti quia. Quia aperiam quisquam ad accusamus ut.', '3');
INSERT INTO `communities` (`id`, `name`, `description`, `admin_id`) VALUES ('4', 'debitis', 'Accusantium consequatur neque voluptatem est eos. Est eos corrupti nihil iure est rerum est.', '4');
INSERT INTO `communities` (`id`, `name`, `description`, `admin_id`) VALUES ('5', 'rem', 'Sunt ad voluptatem ab maxime inventore maiores. Ut repellendus voluptatem quae officiis est. Quaerat quae animi consequatur nobis facilis perspiciatis adipisci.', '5');
INSERT INTO `communities` (`id`, `name`, `description`, `admin_id`) VALUES ('6', 'accusantium', 'Sed earum dolor quaerat aut. Ea dolores tempora ut voluptates. Eius maiores ut voluptatibus tempora voluptate quibusdam. Similique qui iusto laudantium sunt repellendus sint.', '6');
INSERT INTO `communities` (`id`, `name`, `description`, `admin_id`) VALUES ('7', 'laborum', 'Qui nisi cupiditate animi quisquam eos culpa accusantium. Repudiandae quidem sequi repellendus. Expedita est eum doloribus veritatis dolor totam. Aut quo et mollitia.', '7');
INSERT INTO `communities` (`id`, `name`, `description`, `admin_id`) VALUES ('8', 'tempora', 'Reprehenderit praesentium fugit et quae et similique. Eius porro officiis qui dolorem. Repellendus dolor corporis inventore laudantium officia.', '8');
INSERT INTO `communities` (`id`, `name`, `description`, `admin_id`) VALUES ('9', 'et', 'Facere officiis beatae alias quas occaecati dolor tempora. Repellat dignissimos pariatur ipsam in facilis est eum. Minus optio nobis eligendi temporibus voluptatem quidem. Ut doloremque itaque et quae voluptatibus distinctio officiis.', '9');
INSERT INTO `communities` (`id`, `name`, `description`, `admin_id`) VALUES ('10', 'similique', 'Ea quia quo velit sunt. Nisi nesciunt sint est impedit et. Numquam nam ut aut totam eius. Necessitatibus odio est quis laudantium.', '10');
INSERT INTO `communities` (`id`, `name`, `description`, `admin_id`) VALUES ('11', 'ut', 'Porro libero inventore ut iure. Aperiam expedita dolorem fugiat ratione quam cumque.', '11');
INSERT INTO `communities` (`id`, `name`, `description`, `admin_id`) VALUES ('12', 'recusandae', 'Officia hic est ut quia quo. Magnam nulla maxime quae quisquam voluptatem alias ut aut. Ducimus nostrum nam et aliquid.', '12');
INSERT INTO `communities` (`id`, `name`, `description`, `admin_id`) VALUES ('13', 'molestiae', 'Est rerum non deserunt nesciunt molestiae doloremque repellat. Et quia vero maiores nostrum rerum architecto. In id hic est.', '13');
INSERT INTO `communities` (`id`, `name`, `description`, `admin_id`) VALUES ('14', 'voluptas', 'Voluptatem impedit tempora quo quia ex. Non modi assumenda sed maiores nisi molestiae. Fuga architecto vero blanditiis eius ducimus voluptas. Qui delectus aut ut et.', '14');
INSERT INTO `communities` (`id`, `name`, `description`, `admin_id`) VALUES ('15', 'mollitia', 'Eos vero sit quam recusandae veritatis est. Nesciunt pariatur ut aut qui. Alias id perspiciatis et voluptatem quasi rerum consequatur est. Earum quibusdam similique sit magnam ipsum sapiente.', '15');
INSERT INTO `communities` (`id`, `name`, `description`, `admin_id`) VALUES ('16', 'officiis', 'Ut id quia facere nostrum. Tempore molestiae ad eum illo laborum qui blanditiis. Accusamus quod exercitationem quis aut magnam qui. Vel fugiat quis voluptate quam nesciunt esse sequi.', '16');
INSERT INTO `communities` (`id`, `name`, `description`, `admin_id`) VALUES ('17', 'provident', 'Dicta et sit possimus vero sequi. Dolor et praesentium sed dolorum aspernatur. Non sed sunt itaque consectetur dolorem consequuntur voluptas. Tenetur sed accusantium sunt ullam doloribus.', '17');
INSERT INTO `communities` (`id`, `name`, `description`, `admin_id`) VALUES ('18', 'quaerat', 'Veritatis rerum harum quis et. Aliquid cupiditate tempore sequi laborum. Quasi sint qui corrupti voluptas ab temporibus.', '18');
INSERT INTO `communities` (`id`, `name`, `description`, `admin_id`) VALUES ('19', 'sequi', 'Ut dolores dolorem quo et nisi. Quia quae molestiae quos est et facilis est porro. Tempora et ut dolores et officiis et.', '19');
INSERT INTO `communities` (`id`, `name`, `description`, `admin_id`) VALUES ('20', 'ad', 'Delectus dolor sed est non recusandae soluta. Debitis veritatis magnam distinctio similique esse amet. Odit dolorum natus itaque dolor. Cum praesentium qui debitis tempora id molestias.', '20');
INSERT INTO `communities` (`id`, `name`, `description`, `admin_id`) VALUES ('21', 'inventore', 'Ducimus delectus et mollitia voluptatem. Earum ipsam atque alias labore unde minima reiciendis. Reprehenderit soluta tenetur praesentium.', '21');
INSERT INTO `communities` (`id`, `name`, `description`, `admin_id`) VALUES ('22', 'sed', 'Dolores distinctio velit quia veritatis. Occaecati sed quod aut molestias est voluptates. Quia eum rerum fugiat aspernatur dolores. Deserunt sit autem ducimus quasi quidem facilis. Qui commodi dignissimos excepturi vero modi.', '22');
INSERT INTO `communities` (`id`, `name`, `description`, `admin_id`) VALUES ('23', 'eos', 'Rerum voluptas vitae provident asperiores. Odit non saepe distinctio earum qui sapiente. Ut dolor accusamus ducimus culpa perferendis qui eos.', '23');
INSERT INTO `communities` (`id`, `name`, `description`, `admin_id`) VALUES ('24', 'velit', 'Pariatur et reiciendis iste deleniti amet consequatur ut. Totam neque quo sit enim animi. Molestiae non possimus tempora porro et autem dicta.', '24');
INSERT INTO `communities` (`id`, `name`, `description`, `admin_id`) VALUES ('25', 'sed', 'Sed incidunt et enim voluptatem. Earum asperiores sed esse eos rerum dolores velit. Consequatur voluptatem qui quas fugit tempora libero nam. Et tempore amet veritatis et aut aut.', '25');
INSERT INTO `communities` (`id`, `name`, `description`, `admin_id`) VALUES ('26', 'sed', 'Eos eos at vel vel quod. Qui deleniti temporibus voluptatem voluptatem nostrum eum expedita. Dolor ratione voluptatibus ipsum nemo.', '26');
INSERT INTO `communities` (`id`, `name`, `description`, `admin_id`) VALUES ('27', 'vel', 'Explicabo quo aut sequi aut autem quia quia. Occaecati sint mollitia eos laboriosam natus provident.', '27');
INSERT INTO `communities` (`id`, `name`, `description`, `admin_id`) VALUES ('28', 'est', 'Debitis autem sunt aut praesentium quia amet. Doloremque cumque velit voluptatem praesentium ea dolor.', '28');
INSERT INTO `communities` (`id`, `name`, `description`, `admin_id`) VALUES ('29', 'inventore', 'Sit iste quia eveniet minus est. Ut non iure eum soluta ea dolorum. Officia quis animi atque eum. Quia ab blanditiis dolores nemo voluptatem aut molestiae.', '29');
INSERT INTO `communities` (`id`, `name`, `description`, `admin_id`) VALUES ('30', 'omnis', 'Magnam tenetur est illum alias quis. Modi fugiat quas corporis labore quos. Magnam in perspiciatis a fugiat modi esse. Et quia voluptatem et non illum est est.', '30');
INSERT INTO `communities` (`id`, `name`, `description`, `admin_id`) VALUES ('31', 'facilis', 'Quisquam ducimus similique omnis neque. In praesentium doloribus in optio voluptatum asperiores illo labore. Cum et ab ea aut voluptatum cumque voluptas. Unde veniam nulla harum rerum sapiente.', '31');
INSERT INTO `communities` (`id`, `name`, `description`, `admin_id`) VALUES ('32', 'necessitatibus', 'Quibusdam possimus ipsa soluta perspiciatis ut. Consectetur atque culpa corporis dolores dignissimos. Voluptatem voluptate sit eum aliquid reiciendis aliquam.', '32');
INSERT INTO `communities` (`id`, `name`, `description`, `admin_id`) VALUES ('33', 'sit', 'Earum ratione nam ex aut laborum. Soluta ut cumque consequuntur perferendis consectetur nihil repellendus omnis. Rerum at et voluptatibus dolores cupiditate.', '33');
INSERT INTO `communities` (`id`, `name`, `description`, `admin_id`) VALUES ('34', 'dicta', 'Nihil consequatur velit cupiditate perferendis quia eos commodi. Quaerat facere necessitatibus aut laudantium. Perspiciatis consequuntur saepe est ut voluptatem nesciunt vel. Quidem et iusto velit rerum nihil quasi.', '34');
INSERT INTO `communities` (`id`, `name`, `description`, `admin_id`) VALUES ('35', 'nihil', 'Voluptatem dolores accusantium repudiandae aspernatur corporis. Nulla doloribus aut sit nostrum numquam suscipit ut. Velit et at assumenda sed quo nihil provident. Earum est aut explicabo commodi aut aut.', '35');
INSERT INTO `communities` (`id`, `name`, `description`, `admin_id`) VALUES ('36', 'quis', 'Nihil iste ut minima iusto placeat. Veniam unde voluptas enim eaque ut id et. Est quibusdam molestias voluptas voluptatem aut nemo temporibus debitis. Ut tempore minus iure ex aspernatur. Aut beatae dolor est enim debitis et.', '36');
INSERT INTO `communities` (`id`, `name`, `description`, `admin_id`) VALUES ('37', 'placeat', 'Asperiores qui debitis et qui sunt. Maiores ut eos et ea aut. Et blanditiis dolorum nemo ipsam quas. Praesentium nihil non reprehenderit.', '37');
INSERT INTO `communities` (`id`, `name`, `description`, `admin_id`) VALUES ('38', 'aliquid', 'Asperiores molestiae sint reprehenderit nihil. Enim voluptate itaque ad commodi dignissimos mollitia. Corrupti beatae laborum impedit autem.', '38');
INSERT INTO `communities` (`id`, `name`, `description`, `admin_id`) VALUES ('39', 'rerum', 'Omnis corrupti aut nemo repellendus adipisci in. Ut vel aspernatur voluptatem aut similique perspiciatis ea. Voluptates quasi tempore ut voluptas.', '39');
INSERT INTO `communities` (`id`, `name`, `description`, `admin_id`) VALUES ('40', 'est', 'Omnis reiciendis ab minima. Animi voluptatibus ea repellendus eaque ipsam.', '40');
INSERT INTO `communities` (`id`, `name`, `description`, `admin_id`) VALUES ('41', 'nisi', 'Aliquid quisquam atque tempore quo repellendus quibusdam explicabo consequatur. Fugiat non aut soluta delectus. Inventore aperiam quo dolores nobis veniam suscipit.', '41');
INSERT INTO `communities` (`id`, `name`, `description`, `admin_id`) VALUES ('42', 'voluptate', 'Delectus cumque minus ipsam alias tempore esse veniam. Tempora earum ea deleniti dicta distinctio. Molestiae ut ea molestias repudiandae consequatur ipsum.', '42');
INSERT INTO `communities` (`id`, `name`, `description`, `admin_id`) VALUES ('43', 'ea', 'Illo illo et est nobis dolorem vero et. Natus inventore dolores debitis vel voluptate. Fuga temporibus laboriosam sed est dolor. Odio qui qui est libero ut et.', '43');
INSERT INTO `communities` (`id`, `name`, `description`, `admin_id`) VALUES ('44', 'sed', 'Sed ex sint non corporis quibusdam qui. Aut quia sequi repudiandae laborum eum iste. Nesciunt perferendis repudiandae temporibus eius eligendi praesentium tempore. Et maxime fuga tempore et nesciunt velit hic.', '44');
INSERT INTO `communities` (`id`, `name`, `description`, `admin_id`) VALUES ('45', 'facere', 'Odio eveniet quaerat voluptatibus cum est. Magnam et quae iure quo vero mollitia voluptas. Ut quidem quia sit officia voluptas facere. Sunt aut ipsa distinctio qui.', '45');
INSERT INTO `communities` (`id`, `name`, `description`, `admin_id`) VALUES ('46', 'voluptatem', 'Veniam aut ut eum ab fugit non praesentium. Qui aspernatur ipsam provident. Sit voluptatem consequatur ut. Ex libero repudiandae vel minima.', '46');
INSERT INTO `communities` (`id`, `name`, `description`, `admin_id`) VALUES ('47', 'voluptas', 'Tempora et deserunt ut illum. Qui impedit qui in officiis eius atque. Cum placeat dignissimos sit fuga ducimus. Nulla cupiditate nemo in tempore.', '47');
INSERT INTO `communities` (`id`, `name`, `description`, `admin_id`) VALUES ('48', 'voluptatibus', 'Inventore expedita qui totam ad tempore quia et. Blanditiis rerum quisquam dolorem iste accusamus voluptate quas. Voluptate voluptatem id ea inventore optio. Minus quia cum tenetur alias modi. Explicabo autem minus id beatae rerum ut.', '48');
INSERT INTO `communities` (`id`, `name`, `description`, `admin_id`) VALUES ('49', 'porro', 'Laudantium deleniti alias dolores vel suscipit quo. Inventore veniam soluta perspiciatis dignissimos rerum vel quis. Iste est consequatur tempore repellendus at neque ut voluptatem. Reprehenderit itaque fugiat atque dignissimos deserunt voluptas', '49');
INSERT INTO `communities` (`id`, `name`, `description`, `admin_id`) VALUES ('50', 'sapiente', 'Sit pariatur et earum perferendis qui. Quia excepturi dolorum culpa voluptas. Harum consequuntur voluptates perferendis nostrum.', '50');
INSERT INTO `communities` (`id`, `name`, `description`, `admin_id`) VALUES ('51', 'et', 'Rerum fugiat consequatur ut sed ad maxime corrupti. Odio eius molestiae voluptatem enim. In molestias est dolor omnis quisquam distinctio nesciunt. Eos quia eaque libero facilis maiores.', '51');
INSERT INTO `communities` (`id`, `name`, `description`, `admin_id`) VALUES ('52', 'et', 'Ullam in adipisci ab nam. Veritatis odit qui error. Enim rem modi at sed. Consequatur porro inventore omnis facere. Inventore eius qui recusandae non similique optio laborum suscipit.', '52');
INSERT INTO `communities` (`id`, `name`, `description`, `admin_id`) VALUES ('53', 'deleniti', 'Est ut voluptates et est est. Id qui saepe inventore in corrupti. Sunt tempore maiores quod aut quas. Quis et consectetur veritatis sapiente expedita quas. Officiis qui eligendi rerum ratione commodi.', '53');
INSERT INTO `communities` (`id`, `name`, `description`, `admin_id`) VALUES ('54', 'voluptates', 'Velit unde occaecati numquam culpa unde qui eligendi consequatur. Molestiae voluptatem vero et corrupti voluptatem voluptas occaecati. Occaecati officiis fuga adipisci odit.', '54');
INSERT INTO `communities` (`id`, `name`, `description`, `admin_id`) VALUES ('55', 'animi', 'Repellat in pariatur nihil ad. Doloremque sequi fugiat neque fugit. Sint est illo aperiam repellendus assumenda aut quaerat aut.', '55');
INSERT INTO `communities` (`id`, `name`, `description`, `admin_id`) VALUES ('56', 'sint', 'Harum minus quis laborum voluptas sapiente et. Eos omnis architecto eius eaque qui. Accusantium atque reprehenderit ut porro nihil. Doloremque explicabo pariatur corporis.', '56');
INSERT INTO `communities` (`id`, `name`, `description`, `admin_id`) VALUES ('57', 'quisquam', 'Quia consectetur ad illum ab numquam molestias distinctio. Minima voluptates consequuntur mollitia vel est explicabo rerum. Fuga a laborum non quas rerum reiciendis qui. A reiciendis aut est et unde nobis adipisci. Ipsa et beatae incidunt dicta ', '57');
INSERT INTO `communities` (`id`, `name`, `description`, `admin_id`) VALUES ('58', 'voluptate', 'Perferendis cum unde recusandae eligendi eum nam expedita. Libero inventore vel nemo. Qui autem qui voluptates non sit aliquid laborum quo.', '58');
INSERT INTO `communities` (`id`, `name`, `description`, `admin_id`) VALUES ('59', 'ipsa', 'Debitis nobis est sapiente at harum eos minus amet. Est consequatur tempora quasi sed. Eaque facilis quaerat aut.', '59');
INSERT INTO `communities` (`id`, `name`, `description`, `admin_id`) VALUES ('60', 'ipsa', 'Fugiat accusantium mollitia quia ab omnis. Officia ratione omnis vel. Omnis nemo cupiditate quis illo quae voluptas. Eaque id vitae et.', '60');
INSERT INTO `communities` (`id`, `name`, `description`, `admin_id`) VALUES ('61', 'voluptatem', 'Unde reiciendis et sunt id et et ut. Omnis omnis voluptates ratione facere nulla alias. Voluptatem et voluptatem qui aut.', '61');
INSERT INTO `communities` (`id`, `name`, `description`, `admin_id`) VALUES ('62', 'quos', 'Adipisci saepe sit et nostrum aut repellendus architecto. Dolor vitae sit quis sed ut labore. Qui sunt commodi inventore.', '62');
INSERT INTO `communities` (`id`, `name`, `description`, `admin_id`) VALUES ('63', 'dolor', 'Architecto non ut est quod vero eveniet. Eos voluptatem sed dolor fuga ratione aut. Qui quidem voluptates delectus a alias nihil facilis. Rerum aperiam quo tempore est impedit voluptatibus voluptatibus aut.', '63');
INSERT INTO `communities` (`id`, `name`, `description`, `admin_id`) VALUES ('64', 'magni', 'Officiis exercitationem maxime similique fuga. Ab quod nobis adipisci voluptatibus. Temporibus error soluta tempore quos doloremque.', '64');
INSERT INTO `communities` (`id`, `name`, `description`, `admin_id`) VALUES ('65', 'magnam', 'Nesciunt quod provident vitae. Eligendi labore atque commodi molestias iusto ut. Reprehenderit nobis in deleniti.', '65');
INSERT INTO `communities` (`id`, `name`, `description`, `admin_id`) VALUES ('66', 'dolor', 'Alias et numquam rem aut eum velit. Ratione et eaque voluptas ut quia magnam voluptatem labore. Et autem consequatur doloribus velit. Voluptates architecto animi vel. Aliquam autem et dignissimos est reiciendis incidunt voluptates.', '66');
INSERT INTO `communities` (`id`, `name`, `description`, `admin_id`) VALUES ('67', 'aliquam', 'Consectetur reiciendis illum et a dolorem. Aliquam vitae ipsa aperiam hic aut. Aut ut a excepturi id. Tempore quod aut id quos consequuntur deserunt ratione.', '67');
INSERT INTO `communities` (`id`, `name`, `description`, `admin_id`) VALUES ('68', 'dolorum', 'Quisquam consequatur et accusantium culpa debitis nostrum possimus. Illum nostrum quidem eum fuga officia ab a rerum. Consequatur et aut voluptatibus culpa velit. Dolores blanditiis quia odio corrupti cumque repellendus. Et qui rerum cupiditate ', '68');
INSERT INTO `communities` (`id`, `name`, `description`, `admin_id`) VALUES ('69', 'voluptatibus', 'Sequi est illum excepturi non. Deserunt quam voluptatum consectetur rerum consequuntur voluptatum doloribus. Nulla eum enim corrupti officia. Ut similique velit assumenda excepturi sint ut et et.', '69');
INSERT INTO `communities` (`id`, `name`, `description`, `admin_id`) VALUES ('70', 'dolorem', 'Tenetur blanditiis voluptate placeat nam culpa et. Quod dolorem est ut perferendis culpa ea quia. Hic ducimus possimus ea eos voluptas.', '70');
INSERT INTO `communities` (`id`, `name`, `description`, `admin_id`) VALUES ('71', 'soluta', 'Voluptatem harum natus ipsum odit. Amet quisquam aut facere exercitationem perspiciatis. Et rerum quo itaque dolor autem enim voluptas.', '71');
INSERT INTO `communities` (`id`, `name`, `description`, `admin_id`) VALUES ('72', 'beatae', 'Explicabo quasi iste unde molestias veniam illum. Optio iste voluptas commodi accusamus ex laborum aut. Dicta recusandae nihil alias dolor.', '72');
INSERT INTO `communities` (`id`, `name`, `description`, `admin_id`) VALUES ('73', 'mollitia', 'Occaecati veniam velit aspernatur nisi ducimus. Quae aliquid numquam pariatur molestiae ab ipsa deserunt. Voluptas qui accusantium quae voluptate cupiditate.', '73');
INSERT INTO `communities` (`id`, `name`, `description`, `admin_id`) VALUES ('74', 'nam', 'Itaque et laboriosam ut ad commodi. Ipsum consequatur ex quia omnis necessitatibus recusandae. A illo quam ex aut vitae iusto qui.', '74');
INSERT INTO `communities` (`id`, `name`, `description`, `admin_id`) VALUES ('75', 'qui', 'Eius consequatur perferendis aut ullam id. Pariatur neque rerum et saepe architecto libero. Ipsum quisquam et aliquam sint quaerat harum. Ut et aperiam commodi voluptatum.', '75');
INSERT INTO `communities` (`id`, `name`, `description`, `admin_id`) VALUES ('76', 'voluptatem', 'Nemo sit quis ut tempore. Magnam ratione dignissimos consequatur. Ex magni odit consequuntur et at voluptatibus.', '76');
INSERT INTO `communities` (`id`, `name`, `description`, `admin_id`) VALUES ('77', 'dolor', 'Ea nulla et explicabo voluptates eos dolor rem. Quia laborum alias voluptas illo velit odio eius. Nihil ut quidem beatae velit iusto. Veritatis cupiditate sed recusandae voluptatibus placeat.', '77');
INSERT INTO `communities` (`id`, `name`, `description`, `admin_id`) VALUES ('78', 'incidunt', 'Cupiditate blanditiis assumenda et impedit sunt iste. Recusandae voluptatem molestiae deserunt quidem. Sint et vel dolor inventore. Modi dolores qui veritatis est voluptatem modi officiis.', '78');
INSERT INTO `communities` (`id`, `name`, `description`, `admin_id`) VALUES ('79', 'ut', 'Sunt rerum voluptates rem. Temporibus omnis est dolorem. Quod ut perspiciatis quidem enim. Molestias veritatis qui eius illo repellendus. Voluptatem ipsa et id dignissimos illo.', '79');
INSERT INTO `communities` (`id`, `name`, `description`, `admin_id`) VALUES ('80', 'sit', 'Eum ea sunt animi rem aut. Unde voluptas ipsam dicta animi sequi recusandae. Voluptatem qui ipsa et facilis. Quis corporis culpa ipsam quis quidem.', '80');
INSERT INTO `communities` (`id`, `name`, `description`, `admin_id`) VALUES ('81', 'voluptas', 'Quidem sunt in quia dolor natus placeat qui. Amet et veritatis rerum libero quae corporis ad.', '81');
INSERT INTO `communities` (`id`, `name`, `description`, `admin_id`) VALUES ('82', 'reiciendis', 'Quis libero sunt omnis perferendis necessitatibus. Quae et dolore voluptate quia eum quas optio officiis. Iusto reprehenderit qui sed aut iure. Rerum provident quae et velit qui consequatur et.', '82');
INSERT INTO `communities` (`id`, `name`, `description`, `admin_id`) VALUES ('83', 'est', 'Facere molestiae nostrum sequi minima quia et. Magni quia neque id a. Veniam et omnis nesciunt sunt accusantium autem. Quis id dolorem iste culpa fuga.', '83');
INSERT INTO `communities` (`id`, `name`, `description`, `admin_id`) VALUES ('84', 'est', 'Exercitationem qui molestiae nobis quo nisi dolore. Cupiditate fuga unde quibusdam placeat omnis nisi et. Ullam ut exercitationem voluptate. Sunt dolorum optio molestiae aut accusantium ea.', '84');
INSERT INTO `communities` (`id`, `name`, `description`, `admin_id`) VALUES ('85', 'aut', 'In et voluptas sunt consequatur. Et in molestiae libero vel eius assumenda. Placeat non aliquid commodi expedita. Dolor maxime dolorem facere commodi.', '85');
INSERT INTO `communities` (`id`, `name`, `description`, `admin_id`) VALUES ('86', 'rerum', 'Cum ipsa ea nam ut. Quia molestias facilis rerum molestiae quia. Fuga et minus aspernatur reiciendis est provident maiores.', '86');
INSERT INTO `communities` (`id`, `name`, `description`, `admin_id`) VALUES ('87', 'saepe', 'Pariatur voluptate labore quod. Illum itaque voluptas porro tenetur. Minus ipsa commodi repudiandae quis laboriosam ab velit. Distinctio esse quod omnis enim eius possimus quod qui.', '87');
INSERT INTO `communities` (`id`, `name`, `description`, `admin_id`) VALUES ('88', 'et', 'Nobis suscipit consectetur adipisci nostrum architecto. Iusto quas odit eligendi non quod quia. Ullam commodi animi voluptas aut sint voluptatibus. Ea autem est aperiam ratione.', '88');
INSERT INTO `communities` (`id`, `name`, `description`, `admin_id`) VALUES ('89', 'enim', 'Ut animi dolor aut. Iure dolor molestiae et labore. Odio sint qui alias voluptatem provident rerum quo nihil. Voluptate quod sint consequuntur eum eum.', '89');
INSERT INTO `communities` (`id`, `name`, `description`, `admin_id`) VALUES ('90', 'error', 'Ipsa eaque voluptate autem voluptatibus laboriosam maiores facilis. Ipsa fugiat non facilis corporis quae consequatur dicta. Ad qui sed sed amet sit in aut nulla. Voluptatem adipisci doloremque quaerat qui.', '90');
INSERT INTO `communities` (`id`, `name`, `description`, `admin_id`) VALUES ('91', 'possimus', 'Neque aliquid voluptatem id consequatur. Labore omnis suscipit quo dolores quod reiciendis ullam. Eum inventore quod beatae voluptas occaecati. Cupiditate ut autem officiis id.', '91');
INSERT INTO `communities` (`id`, `name`, `description`, `admin_id`) VALUES ('92', 'deserunt', 'Temporibus veritatis aut odit corrupti eos beatae libero. Tempora perspiciatis beatae id ab. Dolores ipsam eum ut impedit doloremque. Ipsa ut aperiam tempore odio est ab.', '92');
INSERT INTO `communities` (`id`, `name`, `description`, `admin_id`) VALUES ('93', 'natus', 'Sed incidunt sequi dolorem ut et sed rerum. Animi quas labore quia molestias dolore voluptas. Facere optio temporibus animi expedita et.', '93');
INSERT INTO `communities` (`id`, `name`, `description`, `admin_id`) VALUES ('94', 'praesentium', 'Quos et iusto praesentium qui aut ut. Provident labore doloribus porro dolor. Eos tempore officia suscipit.', '94');
INSERT INTO `communities` (`id`, `name`, `description`, `admin_id`) VALUES ('95', 'qui', 'Ex praesentium iure et sapiente occaecati dolor aliquam. Nihil error vel sit voluptas voluptate voluptatem. Est laborum earum assumenda vel illo quia. Repudiandae eaque aperiam aliquam nemo maiores asperiores quo voluptatem.', '95');
INSERT INTO `communities` (`id`, `name`, `description`, `admin_id`) VALUES ('96', 'ut', 'Aliquam hic voluptas dolorum vitae consequatur. Provident ipsum quis ipsa quia placeat veniam et. Laborum iusto ea autem et consectetur quae sunt voluptatem. Expedita est perferendis amet. Consequatur sit quia doloremque nisi provident.', '96');
INSERT INTO `communities` (`id`, `name`, `description`, `admin_id`) VALUES ('97', 'eligendi', 'Voluptatem reprehenderit repellendus unde aut. Doloribus ea qui voluptatem quasi tempore. Voluptas nihil quo deserunt ab fuga qui. Laboriosam eligendi recusandae tenetur.', '97');
INSERT INTO `communities` (`id`, `name`, `description`, `admin_id`) VALUES ('98', 'qui', 'Quia error necessitatibus explicabo et omnis. Impedit ea explicabo voluptatem quam sequi soluta distinctio. Est dolor itaque quis eum sit quam.', '98');
INSERT INTO `communities` (`id`, `name`, `description`, `admin_id`) VALUES ('99', 'et', 'Minima corrupti dolores distinctio non est voluptatem. Ut velit at ut non qui nobis et amet. Nihil cum commodi voluptatem quaerat quia. Debitis tempore dolores nostrum dolor.', '99');
INSERT INTO `communities` (`id`, `name`, `description`, `admin_id`) VALUES ('100', 'et', 'Expedita beatae aperiam deserunt sint sunt et nesciunt rerum. Id non enim eum animi voluptas earum id et. Inventore eveniet quos quod.', '100');


#
# TABLE STRUCTURE FOR: communities_users
#

DROP TABLE IF EXISTS `communities_users`;

CREATE TABLE `communities_users` (
  `community_id` bigint(20) unsigned NOT NULL,
  `user_id` bigint(20) unsigned NOT NULL,
  `created_at` datetime NOT NULL DEFAULT current_timestamp(),
  PRIMARY KEY (`community_id`,`user_id`),
  KEY `fk_communities_users_comm_idx` (`community_id`),
  KEY `fk_communities_users_users_idx` (`user_id`),
  CONSTRAINT `fk_communities_users_comm` FOREIGN KEY (`community_id`) REFERENCES `communities` (`id`),
  CONSTRAINT `fk_communities_users_users` FOREIGN KEY (`user_id`) REFERENCES `users` (`id`)
) ENGINE=InnoDB DEFAULT CHARSET=utf8mb4 COLLATE=utf8mb4_unicode_ci;

INSERT INTO `communities_users` (`community_id`, `user_id`, `created_at`) VALUES ('1', '1', '2008-04-08 18:35:20');
INSERT INTO `communities_users` (`community_id`, `user_id`, `created_at`) VALUES ('2', '2', '2010-05-29 20:11:17');
INSERT INTO `communities_users` (`community_id`, `user_id`, `created_at`) VALUES ('3', '3', '2000-11-06 06:41:29');
INSERT INTO `communities_users` (`community_id`, `user_id`, `created_at`) VALUES ('4', '4', '2018-10-08 17:57:43');
INSERT INTO `communities_users` (`community_id`, `user_id`, `created_at`) VALUES ('5', '5', '2009-02-12 05:53:49');
INSERT INTO `communities_users` (`community_id`, `user_id`, `created_at`) VALUES ('6', '6', '2018-01-26 21:42:39');
INSERT INTO `communities_users` (`community_id`, `user_id`, `created_at`) VALUES ('7', '7', '1974-11-04 05:34:32');
INSERT INTO `communities_users` (`community_id`, `user_id`, `created_at`) VALUES ('8', '8', '1996-10-29 05:53:30');
INSERT INTO `communities_users` (`community_id`, `user_id`, `created_at`) VALUES ('9', '9', '2013-04-17 22:56:04');
INSERT INTO `communities_users` (`community_id`, `user_id`, `created_at`) VALUES ('10', '10', '2000-01-30 05:42:43');
INSERT INTO `communities_users` (`community_id`, `user_id`, `created_at`) VALUES ('11', '11', '2015-12-22 07:19:13');
INSERT INTO `communities_users` (`community_id`, `user_id`, `created_at`) VALUES ('12', '12', '1999-03-01 21:58:55');
INSERT INTO `communities_users` (`community_id`, `user_id`, `created_at`) VALUES ('13', '13', '1996-05-03 20:56:23');
INSERT INTO `communities_users` (`community_id`, `user_id`, `created_at`) VALUES ('14', '14', '2001-04-23 10:11:36');
INSERT INTO `communities_users` (`community_id`, `user_id`, `created_at`) VALUES ('15', '15', '1986-06-03 20:27:16');
INSERT INTO `communities_users` (`community_id`, `user_id`, `created_at`) VALUES ('16', '16', '1970-12-29 02:57:22');
INSERT INTO `communities_users` (`community_id`, `user_id`, `created_at`) VALUES ('17', '17', '1997-03-27 06:59:14');
INSERT INTO `communities_users` (`community_id`, `user_id`, `created_at`) VALUES ('18', '18', '1989-02-06 14:40:28');
INSERT INTO `communities_users` (`community_id`, `user_id`, `created_at`) VALUES ('19', '19', '1998-07-25 18:05:28');
INSERT INTO `communities_users` (`community_id`, `user_id`, `created_at`) VALUES ('20', '20', '2012-06-08 02:01:20');
INSERT INTO `communities_users` (`community_id`, `user_id`, `created_at`) VALUES ('21', '21', '2006-12-11 04:18:05');
INSERT INTO `communities_users` (`community_id`, `user_id`, `created_at`) VALUES ('22', '22', '2017-06-04 12:36:15');
INSERT INTO `communities_users` (`community_id`, `user_id`, `created_at`) VALUES ('23', '23', '2004-05-06 02:03:20');
INSERT INTO `communities_users` (`community_id`, `user_id`, `created_at`) VALUES ('24', '24', '1981-05-11 18:25:39');
INSERT INTO `communities_users` (`community_id`, `user_id`, `created_at`) VALUES ('25', '25', '2010-01-04 16:13:00');
INSERT INTO `communities_users` (`community_id`, `user_id`, `created_at`) VALUES ('26', '26', '1973-12-25 12:36:15');
INSERT INTO `communities_users` (`community_id`, `user_id`, `created_at`) VALUES ('27', '27', '1979-12-08 02:18:55');
INSERT INTO `communities_users` (`community_id`, `user_id`, `created_at`) VALUES ('28', '28', '1982-05-13 02:47:22');
INSERT INTO `communities_users` (`community_id`, `user_id`, `created_at`) VALUES ('29', '29', '2015-05-03 03:57:27');
INSERT INTO `communities_users` (`community_id`, `user_id`, `created_at`) VALUES ('30', '30', '2012-08-03 12:50:13');
INSERT INTO `communities_users` (`community_id`, `user_id`, `created_at`) VALUES ('31', '31', '1979-10-08 17:31:39');
INSERT INTO `communities_users` (`community_id`, `user_id`, `created_at`) VALUES ('32', '32', '2011-01-07 20:17:05');
INSERT INTO `communities_users` (`community_id`, `user_id`, `created_at`) VALUES ('33', '33', '1992-02-29 23:40:03');
INSERT INTO `communities_users` (`community_id`, `user_id`, `created_at`) VALUES ('34', '34', '1997-03-25 02:08:26');
INSERT INTO `communities_users` (`community_id`, `user_id`, `created_at`) VALUES ('35', '35', '2020-11-22 18:55:25');
INSERT INTO `communities_users` (`community_id`, `user_id`, `created_at`) VALUES ('36', '36', '2019-06-17 22:36:51');
INSERT INTO `communities_users` (`community_id`, `user_id`, `created_at`) VALUES ('37', '37', '1994-04-29 18:10:04');
INSERT INTO `communities_users` (`community_id`, `user_id`, `created_at`) VALUES ('38', '38', '2001-05-18 07:08:10');
INSERT INTO `communities_users` (`community_id`, `user_id`, `created_at`) VALUES ('39', '39', '1995-04-08 13:25:01');
INSERT INTO `communities_users` (`community_id`, `user_id`, `created_at`) VALUES ('40', '40', '1990-04-29 22:06:43');
INSERT INTO `communities_users` (`community_id`, `user_id`, `created_at`) VALUES ('41', '41', '2017-10-23 23:25:48');
INSERT INTO `communities_users` (`community_id`, `user_id`, `created_at`) VALUES ('42', '42', '2012-10-25 15:47:57');
INSERT INTO `communities_users` (`community_id`, `user_id`, `created_at`) VALUES ('43', '43', '1992-12-27 06:26:24');
INSERT INTO `communities_users` (`community_id`, `user_id`, `created_at`) VALUES ('44', '44', '1999-07-19 06:54:26');
INSERT INTO `communities_users` (`community_id`, `user_id`, `created_at`) VALUES ('45', '45', '2018-12-23 16:43:02');
INSERT INTO `communities_users` (`community_id`, `user_id`, `created_at`) VALUES ('46', '46', '1999-09-02 15:39:43');
INSERT INTO `communities_users` (`community_id`, `user_id`, `created_at`) VALUES ('47', '47', '2020-06-12 21:17:56');
INSERT INTO `communities_users` (`community_id`, `user_id`, `created_at`) VALUES ('48', '48', '1970-12-15 09:36:41');
INSERT INTO `communities_users` (`community_id`, `user_id`, `created_at`) VALUES ('49', '49', '1992-08-11 10:03:10');
INSERT INTO `communities_users` (`community_id`, `user_id`, `created_at`) VALUES ('50', '50', '1970-01-24 06:21:13');


#
# TABLE STRUCTURE FOR: friend_requests
#

DROP TABLE IF EXISTS `friend_requests`;

CREATE TABLE `friend_requests` (
  `from_user_id` bigint(20) unsigned NOT NULL,
  `to_user_id` bigint(20) unsigned NOT NULL,
  `accepted` tinyint(1) DEFAULT 0,
  `created_at` datetime DEFAULT current_timestamp(),
  `updated_at` datetime DEFAULT NULL ON UPDATE current_timestamp(),
  PRIMARY KEY (`from_user_id`,`to_user_id`),
  KEY `fk_friend_requests_from_user_idx` (`from_user_id`),
  KEY `fk_friend_requests_to_user_idx` (`to_user_id`),
  CONSTRAINT `fk_friend_requests_users_1` FOREIGN KEY (`from_user_id`) REFERENCES `users` (`id`),
  CONSTRAINT `fk_friend_requests_users_2` FOREIGN KEY (`to_user_id`) REFERENCES `users` (`id`),
  CONSTRAINT `sender_not_reciever_check` CHECK (`from_user_id` <> `to_user_id`)
) ENGINE=InnoDB DEFAULT CHARSET=utf8mb4 COLLATE=utf8mb4_unicode_ci;

#
# TABLE STRUCTURE FOR: likes
#

DROP TABLE IF EXISTS `likes`;

CREATE TABLE `likes` (
  `user_id` bigint(20) unsigned NOT NULL,
  `new_post_user_id` bigint(20) unsigned NOT NULL,
  `created_at` datetime NOT NULL DEFAULT current_timestamp(),
  PRIMARY KEY (`new_post_user_id`,`user_id`),
  KEY `fk_likes_users_idx` (`user_id`),
  KEY `fk_likes_new_post_user_idx` (`new_post_user_id`),
  CONSTRAINT `fk_likes_new_post_user` FOREIGN KEY (`new_post_user_id`) REFERENCES `new_post_user` (`id`),
  CONSTRAINT `fk_likes_users` FOREIGN KEY (`user_id`) REFERENCES `users` (`id`)
) ENGINE=InnoDB DEFAULT CHARSET=utf8mb4 COLLATE=utf8mb4_unicode_ci;

INSERT INTO `likes` (`user_id`, `new_post_user_id`, `created_at`) VALUES ('1', '1', '2008-07-04 07:55:49');
INSERT INTO `likes` (`user_id`, `new_post_user_id`, `created_at`) VALUES ('2', '2', '1970-02-14 10:09:28');
INSERT INTO `likes` (`user_id`, `new_post_user_id`, `created_at`) VALUES ('3', '3', '1980-12-18 06:54:49');
INSERT INTO `likes` (`user_id`, `new_post_user_id`, `created_at`) VALUES ('4', '4', '1975-04-16 19:15:36');
INSERT INTO `likes` (`user_id`, `new_post_user_id`, `created_at`) VALUES ('5', '5', '1976-08-08 19:45:07');
INSERT INTO `likes` (`user_id`, `new_post_user_id`, `created_at`) VALUES ('6', '6', '2002-03-11 07:52:49');
INSERT INTO `likes` (`user_id`, `new_post_user_id`, `created_at`) VALUES ('7', '7', '2002-06-30 22:58:45');
INSERT INTO `likes` (`user_id`, `new_post_user_id`, `created_at`) VALUES ('8', '8', '1971-04-17 22:07:42');
INSERT INTO `likes` (`user_id`, `new_post_user_id`, `created_at`) VALUES ('9', '9', '2010-12-20 07:53:45');
INSERT INTO `likes` (`user_id`, `new_post_user_id`, `created_at`) VALUES ('10', '10', '1985-08-09 20:26:24');
INSERT INTO `likes` (`user_id`, `new_post_user_id`, `created_at`) VALUES ('11', '11', '1986-01-01 20:15:47');
INSERT INTO `likes` (`user_id`, `new_post_user_id`, `created_at`) VALUES ('12', '12', '1998-09-01 20:56:35');
INSERT INTO `likes` (`user_id`, `new_post_user_id`, `created_at`) VALUES ('13', '13', '1984-09-05 13:15:49');
INSERT INTO `likes` (`user_id`, `new_post_user_id`, `created_at`) VALUES ('14', '14', '2013-07-20 18:51:03');
INSERT INTO `likes` (`user_id`, `new_post_user_id`, `created_at`) VALUES ('15', '15', '2003-11-13 10:41:37');
INSERT INTO `likes` (`user_id`, `new_post_user_id`, `created_at`) VALUES ('16', '16', '2019-10-13 20:45:33');
INSERT INTO `likes` (`user_id`, `new_post_user_id`, `created_at`) VALUES ('17', '17', '2011-06-08 01:38:15');
INSERT INTO `likes` (`user_id`, `new_post_user_id`, `created_at`) VALUES ('18', '18', '2000-02-04 03:27:36');
INSERT INTO `likes` (`user_id`, `new_post_user_id`, `created_at`) VALUES ('19', '19', '2000-02-13 22:22:48');
INSERT INTO `likes` (`user_id`, `new_post_user_id`, `created_at`) VALUES ('20', '20', '1978-12-10 04:25:24');
INSERT INTO `likes` (`user_id`, `new_post_user_id`, `created_at`) VALUES ('21', '21', '2020-11-16 04:21:54');
INSERT INTO `likes` (`user_id`, `new_post_user_id`, `created_at`) VALUES ('22', '22', '2002-07-19 19:29:41');
INSERT INTO `likes` (`user_id`, `new_post_user_id`, `created_at`) VALUES ('23', '23', '2001-10-27 08:05:27');
INSERT INTO `likes` (`user_id`, `new_post_user_id`, `created_at`) VALUES ('24', '24', '1983-06-01 14:40:33');
INSERT INTO `likes` (`user_id`, `new_post_user_id`, `created_at`) VALUES ('25', '25', '2017-02-15 23:01:18');
INSERT INTO `likes` (`user_id`, `new_post_user_id`, `created_at`) VALUES ('26', '26', '2017-01-24 03:05:13');
INSERT INTO `likes` (`user_id`, `new_post_user_id`, `created_at`) VALUES ('27', '27', '2006-07-22 00:05:33');
INSERT INTO `likes` (`user_id`, `new_post_user_id`, `created_at`) VALUES ('28', '28', '2013-10-06 06:26:14');
INSERT INTO `likes` (`user_id`, `new_post_user_id`, `created_at`) VALUES ('29', '29', '1992-06-13 12:02:17');
INSERT INTO `likes` (`user_id`, `new_post_user_id`, `created_at`) VALUES ('30', '30', '2006-09-17 04:48:58');
INSERT INTO `likes` (`user_id`, `new_post_user_id`, `created_at`) VALUES ('31', '31', '1989-08-07 16:35:47');
INSERT INTO `likes` (`user_id`, `new_post_user_id`, `created_at`) VALUES ('32', '32', '1970-12-21 21:01:33');
INSERT INTO `likes` (`user_id`, `new_post_user_id`, `created_at`) VALUES ('33', '33', '2017-10-08 00:40:02');
INSERT INTO `likes` (`user_id`, `new_post_user_id`, `created_at`) VALUES ('34', '34', '1981-11-20 14:09:38');
INSERT INTO `likes` (`user_id`, `new_post_user_id`, `created_at`) VALUES ('35', '35', '1992-10-14 23:53:18');
INSERT INTO `likes` (`user_id`, `new_post_user_id`, `created_at`) VALUES ('36', '36', '1992-05-30 16:21:30');
INSERT INTO `likes` (`user_id`, `new_post_user_id`, `created_at`) VALUES ('37', '37', '1996-04-09 22:39:35');
INSERT INTO `likes` (`user_id`, `new_post_user_id`, `created_at`) VALUES ('38', '38', '2010-04-18 16:01:50');
INSERT INTO `likes` (`user_id`, `new_post_user_id`, `created_at`) VALUES ('39', '39', '2017-07-24 23:36:23');
INSERT INTO `likes` (`user_id`, `new_post_user_id`, `created_at`) VALUES ('40', '40', '1984-10-25 12:03:57');
INSERT INTO `likes` (`user_id`, `new_post_user_id`, `created_at`) VALUES ('41', '41', '1977-02-09 09:03:48');
INSERT INTO `likes` (`user_id`, `new_post_user_id`, `created_at`) VALUES ('42', '42', '1985-10-04 18:43:32');
INSERT INTO `likes` (`user_id`, `new_post_user_id`, `created_at`) VALUES ('43', '43', '2016-06-08 16:47:56');
INSERT INTO `likes` (`user_id`, `new_post_user_id`, `created_at`) VALUES ('44', '44', '1996-06-12 22:15:55');
INSERT INTO `likes` (`user_id`, `new_post_user_id`, `created_at`) VALUES ('45', '45', '1988-07-06 16:01:54');
INSERT INTO `likes` (`user_id`, `new_post_user_id`, `created_at`) VALUES ('46', '46', '1982-08-25 21:38:20');
INSERT INTO `likes` (`user_id`, `new_post_user_id`, `created_at`) VALUES ('47', '47', '2019-09-01 19:13:52');
INSERT INTO `likes` (`user_id`, `new_post_user_id`, `created_at`) VALUES ('48', '48', '1987-04-12 11:12:28');
INSERT INTO `likes` (`user_id`, `new_post_user_id`, `created_at`) VALUES ('49', '49', '2018-04-27 20:03:27');
INSERT INTO `likes` (`user_id`, `new_post_user_id`, `created_at`) VALUES ('50', '50', '2010-10-08 19:26:31');
INSERT INTO `likes` (`user_id`, `new_post_user_id`, `created_at`) VALUES ('51', '51', '1976-08-09 08:06:48');
INSERT INTO `likes` (`user_id`, `new_post_user_id`, `created_at`) VALUES ('52', '52', '1995-03-25 10:48:05');
INSERT INTO `likes` (`user_id`, `new_post_user_id`, `created_at`) VALUES ('53', '53', '1988-08-28 19:30:56');
INSERT INTO `likes` (`user_id`, `new_post_user_id`, `created_at`) VALUES ('54', '54', '1990-05-16 02:39:15');
INSERT INTO `likes` (`user_id`, `new_post_user_id`, `created_at`) VALUES ('55', '55', '1984-10-12 03:18:47');
INSERT INTO `likes` (`user_id`, `new_post_user_id`, `created_at`) VALUES ('56', '56', '1989-11-18 14:06:24');
INSERT INTO `likes` (`user_id`, `new_post_user_id`, `created_at`) VALUES ('57', '57', '2005-12-16 06:11:39');
INSERT INTO `likes` (`user_id`, `new_post_user_id`, `created_at`) VALUES ('58', '58', '1971-09-10 10:31:52');
INSERT INTO `likes` (`user_id`, `new_post_user_id`, `created_at`) VALUES ('59', '59', '2020-02-15 22:16:08');
INSERT INTO `likes` (`user_id`, `new_post_user_id`, `created_at`) VALUES ('60', '60', '1972-03-16 12:25:16');


#
# TABLE STRUCTURE FOR: media
#

DROP TABLE IF EXISTS `media`;

CREATE TABLE `media` (
  `id` bigint(20) unsigned NOT NULL AUTO_INCREMENT,
  `user_id` bigint(20) unsigned NOT NULL,
  `media_types_id` int(10) unsigned NOT NULL,
  `file_name` varchar(245) COLLATE utf8mb4_unicode_ci DEFAULT NULL COMMENT '/files/folder/img.png',
  `file_size` bigint(20) DEFAULT NULL,
  `created_at` datetime NOT NULL DEFAULT current_timestamp(),
  PRIMARY KEY (`id`),
  KEY `fk_media_media_types_idx` (`media_types_id`),
  KEY `fk_media_users_idx` (`user_id`),
  KEY `fk_media_media_idx` (`id`),
  CONSTRAINT `fk_media_media_types` FOREIGN KEY (`media_types_id`) REFERENCES `media_types` (`id`),
  CONSTRAINT `fk_media_users` FOREIGN KEY (`user_id`) REFERENCES `users` (`id`)
) ENGINE=InnoDB AUTO_INCREMENT=251 DEFAULT CHARSET=utf8mb4 COLLATE=utf8mb4_unicode_ci;

INSERT INTO `media` (`id`, `user_id`, `media_types_id`, `file_name`, `file_size`, `created_at`) VALUES ('1', '1', 1, 'accusantium', '931803545', '1994-08-28 08:59:35');
INSERT INTO `media` (`id`, `user_id`, `media_types_id`, `file_name`, `file_size`, `created_at`) VALUES ('2', '2', 2, 'assumenda', '1', '2010-05-18 22:56:07');
INSERT INTO `media` (`id`, `user_id`, `media_types_id`, `file_name`, `file_size`, `created_at`) VALUES ('3', '3', 3, 'omnis', '127', '1980-10-08 00:40:02');
INSERT INTO `media` (`id`, `user_id`, `media_types_id`, `file_name`, `file_size`, `created_at`) VALUES ('4', '4', 4, 'similique', '0', '2003-05-06 16:37:18');
INSERT INTO `media` (`id`, `user_id`, `media_types_id`, `file_name`, `file_size`, `created_at`) VALUES ('5', '5', 1, 'nulla', '987305', '2018-12-30 12:43:24');
INSERT INTO `media` (`id`, `user_id`, `media_types_id`, `file_name`, `file_size`, `created_at`) VALUES ('6', '6', 2, 'illum', '61', '1970-05-29 11:22:43');
INSERT INTO `media` (`id`, `user_id`, `media_types_id`, `file_name`, `file_size`, `created_at`) VALUES ('7', '7', 3, 'tempora', '26272', '2002-05-26 08:13:16');
INSERT INTO `media` (`id`, `user_id`, `media_types_id`, `file_name`, `file_size`, `created_at`) VALUES ('8', '8', 4, 'culpa', '37523048', '1993-05-09 19:05:52');
INSERT INTO `media` (`id`, `user_id`, `media_types_id`, `file_name`, `file_size`, `created_at`) VALUES ('9', '9', 1, 'autem', '8', '1999-04-16 07:54:45');
INSERT INTO `media` (`id`, `user_id`, `media_types_id`, `file_name`, `file_size`, `created_at`) VALUES ('10', '10', 2, 'non', '6', '2018-04-11 12:14:09');
INSERT INTO `media` (`id`, `user_id`, `media_types_id`, `file_name`, `file_size`, `created_at`) VALUES ('11', '11', 3, 'delectus', '889904', '1991-10-25 19:04:40');
INSERT INTO `media` (`id`, `user_id`, `media_types_id`, `file_name`, `file_size`, `created_at`) VALUES ('12', '12', 4, 'nisi', '29', '1985-09-17 07:55:08');
INSERT INTO `media` (`id`, `user_id`, `media_types_id`, `file_name`, `file_size`, `created_at`) VALUES ('13', '13', 1, 'est', '247361', '1990-08-22 15:00:38');
INSERT INTO `media` (`id`, `user_id`, `media_types_id`, `file_name`, `file_size`, `created_at`) VALUES ('14', '14', 2, 'reprehenderit', '344', '2007-10-12 12:46:14');
INSERT INTO `media` (`id`, `user_id`, `media_types_id`, `file_name`, `file_size`, `created_at`) VALUES ('15', '15', 3, 'consequuntur', '197632', '1999-11-21 18:17:18');
INSERT INTO `media` (`id`, `user_id`, `media_types_id`, `file_name`, `file_size`, `created_at`) VALUES ('16', '16', 4, 'architecto', '2', '1990-02-16 11:51:52');
INSERT INTO `media` (`id`, `user_id`, `media_types_id`, `file_name`, `file_size`, `created_at`) VALUES ('17', '17', 1, 'praesentium', '795486', '2007-04-18 04:16:18');
INSERT INTO `media` (`id`, `user_id`, `media_types_id`, `file_name`, `file_size`, `created_at`) VALUES ('18', '18', 2, 'aut', '1', '1999-02-02 07:31:02');
INSERT INTO `media` (`id`, `user_id`, `media_types_id`, `file_name`, `file_size`, `created_at`) VALUES ('19', '19', 3, 'autem', '334', '1980-01-07 17:41:15');
INSERT INTO `media` (`id`, `user_id`, `media_types_id`, `file_name`, `file_size`, `created_at`) VALUES ('20', '20', 4, 'quia', '73704', '2008-07-02 17:22:22');
INSERT INTO `media` (`id`, `user_id`, `media_types_id`, `file_name`, `file_size`, `created_at`) VALUES ('21', '21', 1, 'ut', '509601', '1980-08-09 05:29:34');
INSERT INTO `media` (`id`, `user_id`, `media_types_id`, `file_name`, `file_size`, `created_at`) VALUES ('22', '22', 2, 'sapiente', '506108893', '2008-07-16 00:05:11');
INSERT INTO `media` (`id`, `user_id`, `media_types_id`, `file_name`, `file_size`, `created_at`) VALUES ('23', '23', 3, 'dolor', '5', '2002-06-13 16:50:50');
INSERT INTO `media` (`id`, `user_id`, `media_types_id`, `file_name`, `file_size`, `created_at`) VALUES ('24', '24', 4, 'et', '68738', '2018-08-23 16:19:49');
INSERT INTO `media` (`id`, `user_id`, `media_types_id`, `file_name`, `file_size`, `created_at`) VALUES ('25', '25', 1, 'beatae', '60', '2004-06-20 13:23:51');
INSERT INTO `media` (`id`, `user_id`, `media_types_id`, `file_name`, `file_size`, `created_at`) VALUES ('26', '26', 2, 'reprehenderit', '911500', '1984-10-22 11:48:55');
INSERT INTO `media` (`id`, `user_id`, `media_types_id`, `file_name`, `file_size`, `created_at`) VALUES ('27', '27', 3, 'reprehenderit', '1077814', '2004-05-22 09:12:13');
INSERT INTO `media` (`id`, `user_id`, `media_types_id`, `file_name`, `file_size`, `created_at`) VALUES ('28', '28', 4, 'impedit', '8470', '1971-01-12 20:38:55');
INSERT INTO `media` (`id`, `user_id`, `media_types_id`, `file_name`, `file_size`, `created_at`) VALUES ('29', '29', 1, 'nisi', '0', '1990-04-05 20:07:17');
INSERT INTO `media` (`id`, `user_id`, `media_types_id`, `file_name`, `file_size`, `created_at`) VALUES ('30', '30', 2, 'natus', '6', '1994-01-11 15:03:55');
INSERT INTO `media` (`id`, `user_id`, `media_types_id`, `file_name`, `file_size`, `created_at`) VALUES ('31', '31', 3, 'sit', '0', '2007-02-13 23:51:11');
INSERT INTO `media` (`id`, `user_id`, `media_types_id`, `file_name`, `file_size`, `created_at`) VALUES ('32', '32', 4, 'non', '282372', '2017-02-02 19:47:25');
INSERT INTO `media` (`id`, `user_id`, `media_types_id`, `file_name`, `file_size`, `created_at`) VALUES ('33', '33', 1, 'harum', '44', '1990-11-12 02:59:43');
INSERT INTO `media` (`id`, `user_id`, `media_types_id`, `file_name`, `file_size`, `created_at`) VALUES ('34', '34', 2, 'facilis', '1', '1976-03-11 08:11:27');
INSERT INTO `media` (`id`, `user_id`, `media_types_id`, `file_name`, `file_size`, `created_at`) VALUES ('35', '35', 3, 'nam', '57215472', '1993-05-22 10:36:14');
INSERT INTO `media` (`id`, `user_id`, `media_types_id`, `file_name`, `file_size`, `created_at`) VALUES ('36', '36', 4, 'impedit', '4904873', '2003-01-16 11:08:39');
INSERT INTO `media` (`id`, `user_id`, `media_types_id`, `file_name`, `file_size`, `created_at`) VALUES ('37', '37', 1, 'necessitatibus', '0', '1979-10-22 02:38:13');
INSERT INTO `media` (`id`, `user_id`, `media_types_id`, `file_name`, `file_size`, `created_at`) VALUES ('38', '38', 2, 'enim', '9880054', '1990-01-26 04:37:11');
INSERT INTO `media` (`id`, `user_id`, `media_types_id`, `file_name`, `file_size`, `created_at`) VALUES ('39', '39', 3, 'deleniti', '0', '1994-01-18 19:01:06');
INSERT INTO `media` (`id`, `user_id`, `media_types_id`, `file_name`, `file_size`, `created_at`) VALUES ('40', '40', 4, 'enim', '27608899', '2011-05-27 10:27:22');
INSERT INTO `media` (`id`, `user_id`, `media_types_id`, `file_name`, `file_size`, `created_at`) VALUES ('41', '41', 1, 'possimus', '8269395', '1987-06-05 00:24:53');
INSERT INTO `media` (`id`, `user_id`, `media_types_id`, `file_name`, `file_size`, `created_at`) VALUES ('42', '42', 2, 'culpa', '79503641', '2014-10-30 13:13:42');
INSERT INTO `media` (`id`, `user_id`, `media_types_id`, `file_name`, `file_size`, `created_at`) VALUES ('43', '43', 3, 'doloribus', '80724636', '1997-12-06 19:16:06');
INSERT INTO `media` (`id`, `user_id`, `media_types_id`, `file_name`, `file_size`, `created_at`) VALUES ('44', '44', 4, 'nulla', '749', '2014-08-12 16:57:19');
INSERT INTO `media` (`id`, `user_id`, `media_types_id`, `file_name`, `file_size`, `created_at`) VALUES ('45', '45', 1, 'dolore', '242', '1989-09-19 12:07:11');
INSERT INTO `media` (`id`, `user_id`, `media_types_id`, `file_name`, `file_size`, `created_at`) VALUES ('46', '46', 2, 'excepturi', '61576', '2009-08-09 18:24:12');
INSERT INTO `media` (`id`, `user_id`, `media_types_id`, `file_name`, `file_size`, `created_at`) VALUES ('47', '47', 3, 'sed', '321', '1999-12-30 08:29:55');
INSERT INTO `media` (`id`, `user_id`, `media_types_id`, `file_name`, `file_size`, `created_at`) VALUES ('48', '48', 4, 'in', '3383', '1976-04-20 16:14:08');
INSERT INTO `media` (`id`, `user_id`, `media_types_id`, `file_name`, `file_size`, `created_at`) VALUES ('49', '49', 1, 'vitae', '89604768', '1993-04-09 20:43:06');
INSERT INTO `media` (`id`, `user_id`, `media_types_id`, `file_name`, `file_size`, `created_at`) VALUES ('50', '50', 2, 'tempore', '6791', '2013-03-30 00:16:36');
INSERT INTO `media` (`id`, `user_id`, `media_types_id`, `file_name`, `file_size`, `created_at`) VALUES ('51', '51', 3, 'distinctio', '277', '2011-06-01 12:26:50');
INSERT INTO `media` (`id`, `user_id`, `media_types_id`, `file_name`, `file_size`, `created_at`) VALUES ('52', '52', 4, 'atque', '43', '2010-08-12 19:29:54');
INSERT INTO `media` (`id`, `user_id`, `media_types_id`, `file_name`, `file_size`, `created_at`) VALUES ('53', '53', 1, 'magnam', '99', '1973-02-18 13:33:48');
INSERT INTO `media` (`id`, `user_id`, `media_types_id`, `file_name`, `file_size`, `created_at`) VALUES ('54', '54', 2, 'dolorem', '13890', '2008-06-09 07:01:32');
INSERT INTO `media` (`id`, `user_id`, `media_types_id`, `file_name`, `file_size`, `created_at`) VALUES ('55', '55', 3, 'ut', '0', '1989-12-24 01:04:43');
INSERT INTO `media` (`id`, `user_id`, `media_types_id`, `file_name`, `file_size`, `created_at`) VALUES ('56', '56', 4, 'delectus', '428180529', '1997-07-17 23:17:16');
INSERT INTO `media` (`id`, `user_id`, `media_types_id`, `file_name`, `file_size`, `created_at`) VALUES ('57', '57', 1, 'qui', '7004', '1991-09-16 22:34:58');
INSERT INTO `media` (`id`, `user_id`, `media_types_id`, `file_name`, `file_size`, `created_at`) VALUES ('58', '58', 2, 'assumenda', '266013620', '1990-12-10 11:28:52');
INSERT INTO `media` (`id`, `user_id`, `media_types_id`, `file_name`, `file_size`, `created_at`) VALUES ('59', '59', 3, 'est', '86', '1999-07-01 02:59:50');
INSERT INTO `media` (`id`, `user_id`, `media_types_id`, `file_name`, `file_size`, `created_at`) VALUES ('60', '60', 4, 'natus', '0', '1984-01-06 11:09:36');
INSERT INTO `media` (`id`, `user_id`, `media_types_id`, `file_name`, `file_size`, `created_at`) VALUES ('61', '61', 1, 'id', '611660495', '1984-03-17 21:48:35');
INSERT INTO `media` (`id`, `user_id`, `media_types_id`, `file_name`, `file_size`, `created_at`) VALUES ('62', '62', 2, 'molestiae', '63563', '2001-12-21 02:54:18');
INSERT INTO `media` (`id`, `user_id`, `media_types_id`, `file_name`, `file_size`, `created_at`) VALUES ('63', '63', 3, 'quisquam', '0', '1975-07-17 05:14:48');
INSERT INTO `media` (`id`, `user_id`, `media_types_id`, `file_name`, `file_size`, `created_at`) VALUES ('64', '64', 4, 'animi', '7407', '1976-03-16 12:59:35');
INSERT INTO `media` (`id`, `user_id`, `media_types_id`, `file_name`, `file_size`, `created_at`) VALUES ('65', '65', 1, 'libero', '7631798', '1991-01-15 00:37:34');
INSERT INTO `media` (`id`, `user_id`, `media_types_id`, `file_name`, `file_size`, `created_at`) VALUES ('66', '66', 2, 'reiciendis', '6869', '1989-11-05 06:01:35');
INSERT INTO `media` (`id`, `user_id`, `media_types_id`, `file_name`, `file_size`, `created_at`) VALUES ('67', '67', 3, 'aliquam', '64367', '1980-04-18 20:24:32');
INSERT INTO `media` (`id`, `user_id`, `media_types_id`, `file_name`, `file_size`, `created_at`) VALUES ('68', '68', 4, 'omnis', '8084678', '1987-12-19 07:52:50');
INSERT INTO `media` (`id`, `user_id`, `media_types_id`, `file_name`, `file_size`, `created_at`) VALUES ('69', '69', 1, 'deleniti', '9', '2017-07-11 17:37:50');
INSERT INTO `media` (`id`, `user_id`, `media_types_id`, `file_name`, `file_size`, `created_at`) VALUES ('70', '70', 2, 'aut', '937998', '2020-03-31 12:30:12');
INSERT INTO `media` (`id`, `user_id`, `media_types_id`, `file_name`, `file_size`, `created_at`) VALUES ('71', '71', 3, 'voluptatem', '0', '2011-12-07 15:31:11');
INSERT INTO `media` (`id`, `user_id`, `media_types_id`, `file_name`, `file_size`, `created_at`) VALUES ('72', '72', 4, 'soluta', '718534959', '2019-10-24 05:46:43');
INSERT INTO `media` (`id`, `user_id`, `media_types_id`, `file_name`, `file_size`, `created_at`) VALUES ('73', '73', 1, 'sequi', '836464', '1998-07-15 06:00:34');
INSERT INTO `media` (`id`, `user_id`, `media_types_id`, `file_name`, `file_size`, `created_at`) VALUES ('74', '74', 2, 'atque', '597194443', '1980-07-13 03:28:02');
INSERT INTO `media` (`id`, `user_id`, `media_types_id`, `file_name`, `file_size`, `created_at`) VALUES ('75', '75', 3, 'ut', '198012246', '1975-01-18 00:16:31');
INSERT INTO `media` (`id`, `user_id`, `media_types_id`, `file_name`, `file_size`, `created_at`) VALUES ('76', '76', 4, 'unde', '3686', '1970-01-26 03:56:18');
INSERT INTO `media` (`id`, `user_id`, `media_types_id`, `file_name`, `file_size`, `created_at`) VALUES ('77', '77', 1, 'nesciunt', '8', '2004-05-20 03:33:18');
INSERT INTO `media` (`id`, `user_id`, `media_types_id`, `file_name`, `file_size`, `created_at`) VALUES ('78', '78', 2, 'distinctio', '76', '1995-12-26 19:20:27');
INSERT INTO `media` (`id`, `user_id`, `media_types_id`, `file_name`, `file_size`, `created_at`) VALUES ('79', '79', 3, 'id', '0', '2006-03-04 02:53:54');
INSERT INTO `media` (`id`, `user_id`, `media_types_id`, `file_name`, `file_size`, `created_at`) VALUES ('80', '80', 4, 'cumque', '26718988', '2008-10-02 02:24:15');
INSERT INTO `media` (`id`, `user_id`, `media_types_id`, `file_name`, `file_size`, `created_at`) VALUES ('81', '81', 1, 'sunt', '973210805', '1970-05-18 11:09:09');
INSERT INTO `media` (`id`, `user_id`, `media_types_id`, `file_name`, `file_size`, `created_at`) VALUES ('82', '82', 2, 'accusantium', '93447', '2003-12-28 15:21:53');
INSERT INTO `media` (`id`, `user_id`, `media_types_id`, `file_name`, `file_size`, `created_at`) VALUES ('83', '83', 3, 'a', '585559199', '1986-12-25 22:43:01');
INSERT INTO `media` (`id`, `user_id`, `media_types_id`, `file_name`, `file_size`, `created_at`) VALUES ('84', '84', 4, 'culpa', '4', '2012-02-15 22:32:56');
INSERT INTO `media` (`id`, `user_id`, `media_types_id`, `file_name`, `file_size`, `created_at`) VALUES ('85', '85', 1, 'sunt', '0', '1992-02-24 03:45:48');
INSERT INTO `media` (`id`, `user_id`, `media_types_id`, `file_name`, `file_size`, `created_at`) VALUES ('86', '86', 2, 'laboriosam', '55788703', '1999-11-06 20:09:20');
INSERT INTO `media` (`id`, `user_id`, `media_types_id`, `file_name`, `file_size`, `created_at`) VALUES ('87', '87', 3, 'sequi', '94504656', '1994-02-14 14:13:37');
INSERT INTO `media` (`id`, `user_id`, `media_types_id`, `file_name`, `file_size`, `created_at`) VALUES ('88', '88', 4, 'nihil', '2876496', '1975-03-09 12:05:41');
INSERT INTO `media` (`id`, `user_id`, `media_types_id`, `file_name`, `file_size`, `created_at`) VALUES ('89', '89', 1, 'quae', '99', '2012-01-17 19:16:42');
INSERT INTO `media` (`id`, `user_id`, `media_types_id`, `file_name`, `file_size`, `created_at`) VALUES ('90', '90', 2, 'blanditiis', '654772', '1973-04-06 23:52:44');
INSERT INTO `media` (`id`, `user_id`, `media_types_id`, `file_name`, `file_size`, `created_at`) VALUES ('91', '91', 3, 'voluptatem', '68', '1977-10-27 11:02:17');
INSERT INTO `media` (`id`, `user_id`, `media_types_id`, `file_name`, `file_size`, `created_at`) VALUES ('92', '92', 4, 'assumenda', '955379', '1973-06-02 00:02:49');
INSERT INTO `media` (`id`, `user_id`, `media_types_id`, `file_name`, `file_size`, `created_at`) VALUES ('93', '93', 1, 'ea', '0', '2018-06-05 05:36:40');
INSERT INTO `media` (`id`, `user_id`, `media_types_id`, `file_name`, `file_size`, `created_at`) VALUES ('94', '94', 2, 'et', '251780', '1978-11-07 15:09:15');
INSERT INTO `media` (`id`, `user_id`, `media_types_id`, `file_name`, `file_size`, `created_at`) VALUES ('95', '95', 3, 'aspernatur', '3299703', '1983-02-17 14:49:57');
INSERT INTO `media` (`id`, `user_id`, `media_types_id`, `file_name`, `file_size`, `created_at`) VALUES ('96', '96', 4, 'ullam', '90853', '1980-04-03 15:25:34');
INSERT INTO `media` (`id`, `user_id`, `media_types_id`, `file_name`, `file_size`, `created_at`) VALUES ('97', '97', 1, 'id', '29', '2018-06-01 00:17:41');
INSERT INTO `media` (`id`, `user_id`, `media_types_id`, `file_name`, `file_size`, `created_at`) VALUES ('98', '98', 2, 'dolor', '122641720', '1980-01-20 07:14:37');
INSERT INTO `media` (`id`, `user_id`, `media_types_id`, `file_name`, `file_size`, `created_at`) VALUES ('99', '99', 3, 'sequi', '35', '1985-04-18 20:04:43');
INSERT INTO `media` (`id`, `user_id`, `media_types_id`, `file_name`, `file_size`, `created_at`) VALUES ('100', '100', 4, 'ab', '7302726', '2005-03-09 13:47:32');
INSERT INTO `media` (`id`, `user_id`, `media_types_id`, `file_name`, `file_size`, `created_at`) VALUES ('101', '1', 1, 'deserunt', '734395', '1990-02-24 05:05:44');
INSERT INTO `media` (`id`, `user_id`, `media_types_id`, `file_name`, `file_size`, `created_at`) VALUES ('102', '2', 2, 'minima', '0', '1981-01-31 05:11:09');
INSERT INTO `media` (`id`, `user_id`, `media_types_id`, `file_name`, `file_size`, `created_at`) VALUES ('103', '3', 3, 'vero', '2372', '1972-01-31 08:56:33');
INSERT INTO `media` (`id`, `user_id`, `media_types_id`, `file_name`, `file_size`, `created_at`) VALUES ('104', '4', 4, 'laudantium', '0', '2001-05-07 20:07:36');
INSERT INTO `media` (`id`, `user_id`, `media_types_id`, `file_name`, `file_size`, `created_at`) VALUES ('105', '5', 1, 'sapiente', '0', '1979-11-27 16:14:16');
INSERT INTO `media` (`id`, `user_id`, `media_types_id`, `file_name`, `file_size`, `created_at`) VALUES ('106', '6', 2, 'ut', '0', '1988-06-25 11:02:36');
INSERT INTO `media` (`id`, `user_id`, `media_types_id`, `file_name`, `file_size`, `created_at`) VALUES ('107', '7', 3, 'repellat', '0', '1986-11-29 07:05:48');
INSERT INTO `media` (`id`, `user_id`, `media_types_id`, `file_name`, `file_size`, `created_at`) VALUES ('108', '8', 4, 'reiciendis', '650398', '2012-10-04 18:56:39');
INSERT INTO `media` (`id`, `user_id`, `media_types_id`, `file_name`, `file_size`, `created_at`) VALUES ('109', '9', 1, 'alias', '824', '2016-02-15 16:02:11');
INSERT INTO `media` (`id`, `user_id`, `media_types_id`, `file_name`, `file_size`, `created_at`) VALUES ('110', '10', 2, 'ipsam', '9060', '1985-12-18 12:11:06');
INSERT INTO `media` (`id`, `user_id`, `media_types_id`, `file_name`, `file_size`, `created_at`) VALUES ('111', '11', 3, 'ducimus', '19', '2002-04-27 03:28:52');
INSERT INTO `media` (`id`, `user_id`, `media_types_id`, `file_name`, `file_size`, `created_at`) VALUES ('112', '12', 4, 'ut', '393856638', '1994-04-04 01:02:53');
INSERT INTO `media` (`id`, `user_id`, `media_types_id`, `file_name`, `file_size`, `created_at`) VALUES ('113', '13', 1, 'quidem', '89827387', '1988-12-04 06:09:32');
INSERT INTO `media` (`id`, `user_id`, `media_types_id`, `file_name`, `file_size`, `created_at`) VALUES ('114', '14', 2, 'modi', '6115052', '2009-08-20 09:43:22');
INSERT INTO `media` (`id`, `user_id`, `media_types_id`, `file_name`, `file_size`, `created_at`) VALUES ('115', '15', 3, 'saepe', '710', '1989-09-15 02:45:59');
INSERT INTO `media` (`id`, `user_id`, `media_types_id`, `file_name`, `file_size`, `created_at`) VALUES ('116', '16', 4, 'ut', '58378011', '2005-11-25 09:05:02');
INSERT INTO `media` (`id`, `user_id`, `media_types_id`, `file_name`, `file_size`, `created_at`) VALUES ('117', '17', 1, 'beatae', '6337', '1976-01-27 02:05:09');
INSERT INTO `media` (`id`, `user_id`, `media_types_id`, `file_name`, `file_size`, `created_at`) VALUES ('118', '18', 2, 'eos', '905756', '2011-03-09 03:56:36');
INSERT INTO `media` (`id`, `user_id`, `media_types_id`, `file_name`, `file_size`, `created_at`) VALUES ('119', '19', 3, 'eaque', '71435387', '1973-04-05 14:21:33');
INSERT INTO `media` (`id`, `user_id`, `media_types_id`, `file_name`, `file_size`, `created_at`) VALUES ('120', '20', 4, 'at', '208', '1976-09-09 16:06:59');
INSERT INTO `media` (`id`, `user_id`, `media_types_id`, `file_name`, `file_size`, `created_at`) VALUES ('121', '21', 1, 'repudiandae', '47', '1975-03-06 20:42:18');
INSERT INTO `media` (`id`, `user_id`, `media_types_id`, `file_name`, `file_size`, `created_at`) VALUES ('122', '22', 2, 'placeat', '691070742', '2007-03-01 01:27:46');
INSERT INTO `media` (`id`, `user_id`, `media_types_id`, `file_name`, `file_size`, `created_at`) VALUES ('123', '23', 3, 'id', '97160836', '2003-11-02 22:08:08');
INSERT INTO `media` (`id`, `user_id`, `media_types_id`, `file_name`, `file_size`, `created_at`) VALUES ('124', '24', 4, 'aliquam', '86', '1997-04-02 03:35:08');
INSERT INTO `media` (`id`, `user_id`, `media_types_id`, `file_name`, `file_size`, `created_at`) VALUES ('125', '25', 1, 'in', '208', '2010-08-21 02:31:56');
INSERT INTO `media` (`id`, `user_id`, `media_types_id`, `file_name`, `file_size`, `created_at`) VALUES ('126', '26', 2, 'est', '0', '2006-01-05 09:00:22');
INSERT INTO `media` (`id`, `user_id`, `media_types_id`, `file_name`, `file_size`, `created_at`) VALUES ('127', '27', 3, 'dolorum', '46039', '1995-05-05 09:03:15');
INSERT INTO `media` (`id`, `user_id`, `media_types_id`, `file_name`, `file_size`, `created_at`) VALUES ('128', '28', 4, 'officiis', '970620', '1980-11-20 14:44:43');
INSERT INTO `media` (`id`, `user_id`, `media_types_id`, `file_name`, `file_size`, `created_at`) VALUES ('129', '29', 1, 'expedita', '68482', '2015-10-27 17:58:35');
INSERT INTO `media` (`id`, `user_id`, `media_types_id`, `file_name`, `file_size`, `created_at`) VALUES ('130', '30', 2, 'velit', '538112', '1985-09-01 20:43:43');
INSERT INTO `media` (`id`, `user_id`, `media_types_id`, `file_name`, `file_size`, `created_at`) VALUES ('131', '31', 3, 'ullam', '16913447', '2003-03-29 17:41:31');
INSERT INTO `media` (`id`, `user_id`, `media_types_id`, `file_name`, `file_size`, `created_at`) VALUES ('132', '32', 4, 'omnis', '96141', '1984-08-28 17:58:46');
INSERT INTO `media` (`id`, `user_id`, `media_types_id`, `file_name`, `file_size`, `created_at`) VALUES ('133', '33', 1, 'et', '61789868', '1971-11-30 11:36:43');
INSERT INTO `media` (`id`, `user_id`, `media_types_id`, `file_name`, `file_size`, `created_at`) VALUES ('134', '34', 2, 'earum', '7303843', '2009-04-13 17:53:00');
INSERT INTO `media` (`id`, `user_id`, `media_types_id`, `file_name`, `file_size`, `created_at`) VALUES ('135', '35', 3, 'enim', '93238147', '1995-09-27 14:09:16');
INSERT INTO `media` (`id`, `user_id`, `media_types_id`, `file_name`, `file_size`, `created_at`) VALUES ('136', '36', 4, 'consectetur', '1366386', '1990-08-30 10:35:36');
INSERT INTO `media` (`id`, `user_id`, `media_types_id`, `file_name`, `file_size`, `created_at`) VALUES ('137', '37', 1, 'quos', '7277272', '1977-06-11 20:52:00');
INSERT INTO `media` (`id`, `user_id`, `media_types_id`, `file_name`, `file_size`, `created_at`) VALUES ('138', '38', 2, 'adipisci', '56420', '2005-03-13 22:18:00');
INSERT INTO `media` (`id`, `user_id`, `media_types_id`, `file_name`, `file_size`, `created_at`) VALUES ('139', '39', 3, 'et', '71', '1985-03-27 07:49:44');
INSERT INTO `media` (`id`, `user_id`, `media_types_id`, `file_name`, `file_size`, `created_at`) VALUES ('140', '40', 4, 'sit', '0', '2009-09-21 07:01:57');
INSERT INTO `media` (`id`, `user_id`, `media_types_id`, `file_name`, `file_size`, `created_at`) VALUES ('141', '41', 1, 'et', '56578596', '2010-10-02 07:43:08');
INSERT INTO `media` (`id`, `user_id`, `media_types_id`, `file_name`, `file_size`, `created_at`) VALUES ('142', '42', 2, 'eligendi', '22', '1971-03-24 02:27:38');
INSERT INTO `media` (`id`, `user_id`, `media_types_id`, `file_name`, `file_size`, `created_at`) VALUES ('143', '43', 3, 'cum', '4399898', '1993-12-13 04:09:43');
INSERT INTO `media` (`id`, `user_id`, `media_types_id`, `file_name`, `file_size`, `created_at`) VALUES ('144', '44', 4, 'ut', '867884', '1976-04-13 21:44:10');
INSERT INTO `media` (`id`, `user_id`, `media_types_id`, `file_name`, `file_size`, `created_at`) VALUES ('145', '45', 1, 'veritatis', '992112', '1983-11-11 03:49:45');
INSERT INTO `media` (`id`, `user_id`, `media_types_id`, `file_name`, `file_size`, `created_at`) VALUES ('146', '46', 2, 'natus', '3259436', '1990-10-03 08:40:18');
INSERT INTO `media` (`id`, `user_id`, `media_types_id`, `file_name`, `file_size`, `created_at`) VALUES ('147', '47', 3, 'quia', '57851246', '2016-03-29 18:20:53');
INSERT INTO `media` (`id`, `user_id`, `media_types_id`, `file_name`, `file_size`, `created_at`) VALUES ('148', '48', 4, 'dolores', '87626', '2019-09-01 07:13:30');
INSERT INTO `media` (`id`, `user_id`, `media_types_id`, `file_name`, `file_size`, `created_at`) VALUES ('149', '49', 1, 'est', '303', '1975-10-21 20:25:00');
INSERT INTO `media` (`id`, `user_id`, `media_types_id`, `file_name`, `file_size`, `created_at`) VALUES ('150', '50', 2, 'fuga', '642743022', '2019-09-12 15:38:58');
INSERT INTO `media` (`id`, `user_id`, `media_types_id`, `file_name`, `file_size`, `created_at`) VALUES ('151', '51', 3, 'odit', '9', '2016-12-10 15:34:05');
INSERT INTO `media` (`id`, `user_id`, `media_types_id`, `file_name`, `file_size`, `created_at`) VALUES ('152', '52', 4, 'aut', '57658', '2009-09-04 04:21:41');
INSERT INTO `media` (`id`, `user_id`, `media_types_id`, `file_name`, `file_size`, `created_at`) VALUES ('153', '53', 1, 'magnam', '4902', '1995-01-08 04:54:41');
INSERT INTO `media` (`id`, `user_id`, `media_types_id`, `file_name`, `file_size`, `created_at`) VALUES ('154', '54', 2, 'dolores', '3369853', '2000-03-19 18:56:25');
INSERT INTO `media` (`id`, `user_id`, `media_types_id`, `file_name`, `file_size`, `created_at`) VALUES ('155', '55', 3, 'quasi', '78149', '2006-09-25 12:11:45');
INSERT INTO `media` (`id`, `user_id`, `media_types_id`, `file_name`, `file_size`, `created_at`) VALUES ('156', '56', 4, 'architecto', '52565', '1983-08-13 09:12:13');
INSERT INTO `media` (`id`, `user_id`, `media_types_id`, `file_name`, `file_size`, `created_at`) VALUES ('157', '57', 1, 'natus', '8348', '2000-06-29 08:04:46');
INSERT INTO `media` (`id`, `user_id`, `media_types_id`, `file_name`, `file_size`, `created_at`) VALUES ('158', '58', 2, 'est', '62916128', '1993-01-05 01:26:01');
INSERT INTO `media` (`id`, `user_id`, `media_types_id`, `file_name`, `file_size`, `created_at`) VALUES ('159', '59', 3, 'delectus', '38471', '2006-07-14 22:26:25');
INSERT INTO `media` (`id`, `user_id`, `media_types_id`, `file_name`, `file_size`, `created_at`) VALUES ('160', '60', 4, 'commodi', '559', '2008-04-24 20:22:28');
INSERT INTO `media` (`id`, `user_id`, `media_types_id`, `file_name`, `file_size`, `created_at`) VALUES ('161', '61', 1, 'magni', '58713619', '2015-01-24 00:45:08');
INSERT INTO `media` (`id`, `user_id`, `media_types_id`, `file_name`, `file_size`, `created_at`) VALUES ('162', '62', 2, 'qui', '288697', '1984-08-14 17:23:16');
INSERT INTO `media` (`id`, `user_id`, `media_types_id`, `file_name`, `file_size`, `created_at`) VALUES ('163', '63', 3, 'earum', '53930', '1978-12-25 21:33:06');
INSERT INTO `media` (`id`, `user_id`, `media_types_id`, `file_name`, `file_size`, `created_at`) VALUES ('164', '64', 4, 'odit', '11665778', '1998-06-29 21:13:46');
INSERT INTO `media` (`id`, `user_id`, `media_types_id`, `file_name`, `file_size`, `created_at`) VALUES ('165', '65', 1, 'quos', '5', '2001-09-28 18:00:42');
INSERT INTO `media` (`id`, `user_id`, `media_types_id`, `file_name`, `file_size`, `created_at`) VALUES ('166', '66', 2, 'pariatur', '62019', '1993-09-02 15:50:22');
INSERT INTO `media` (`id`, `user_id`, `media_types_id`, `file_name`, `file_size`, `created_at`) VALUES ('167', '67', 3, 'voluptatibus', '4255045', '1995-12-17 13:26:40');
INSERT INTO `media` (`id`, `user_id`, `media_types_id`, `file_name`, `file_size`, `created_at`) VALUES ('168', '68', 4, 'magni', '26223', '1981-10-04 04:26:43');
INSERT INTO `media` (`id`, `user_id`, `media_types_id`, `file_name`, `file_size`, `created_at`) VALUES ('169', '69', 1, 'ea', '89061', '1983-11-26 22:35:35');
INSERT INTO `media` (`id`, `user_id`, `media_types_id`, `file_name`, `file_size`, `created_at`) VALUES ('170', '70', 2, 'autem', '8768145', '2003-03-09 11:50:09');
INSERT INTO `media` (`id`, `user_id`, `media_types_id`, `file_name`, `file_size`, `created_at`) VALUES ('171', '71', 3, 'dolorum', '571461', '1990-08-17 17:46:21');
INSERT INTO `media` (`id`, `user_id`, `media_types_id`, `file_name`, `file_size`, `created_at`) VALUES ('172', '72', 4, 'aperiam', '1716', '1981-04-11 08:34:39');
INSERT INTO `media` (`id`, `user_id`, `media_types_id`, `file_name`, `file_size`, `created_at`) VALUES ('173', '73', 1, 'sequi', '586243', '1997-12-03 23:57:51');
INSERT INTO `media` (`id`, `user_id`, `media_types_id`, `file_name`, `file_size`, `created_at`) VALUES ('174', '74', 2, 'nemo', '171864120', '1987-01-22 16:25:32');
INSERT INTO `media` (`id`, `user_id`, `media_types_id`, `file_name`, `file_size`, `created_at`) VALUES ('175', '75', 3, 'magnam', '0', '1979-09-24 10:54:45');
INSERT INTO `media` (`id`, `user_id`, `media_types_id`, `file_name`, `file_size`, `created_at`) VALUES ('176', '76', 4, 'fugiat', '1916044', '1998-05-16 06:50:33');
INSERT INTO `media` (`id`, `user_id`, `media_types_id`, `file_name`, `file_size`, `created_at`) VALUES ('177', '77', 1, 'amet', '490673', '2016-10-02 12:55:32');
INSERT INTO `media` (`id`, `user_id`, `media_types_id`, `file_name`, `file_size`, `created_at`) VALUES ('178', '78', 2, 'quis', '687', '1974-12-17 21:00:18');
INSERT INTO `media` (`id`, `user_id`, `media_types_id`, `file_name`, `file_size`, `created_at`) VALUES ('179', '79', 3, 'doloremque', '9', '2010-05-16 02:08:29');
INSERT INTO `media` (`id`, `user_id`, `media_types_id`, `file_name`, `file_size`, `created_at`) VALUES ('180', '80', 4, 'voluptatum', '39311', '1998-06-10 10:40:22');
INSERT INTO `media` (`id`, `user_id`, `media_types_id`, `file_name`, `file_size`, `created_at`) VALUES ('181', '81', 1, 'officiis', '826090', '1998-08-27 19:34:44');
INSERT INTO `media` (`id`, `user_id`, `media_types_id`, `file_name`, `file_size`, `created_at`) VALUES ('182', '82', 2, 'numquam', '780432', '1976-02-25 17:46:55');
INSERT INTO `media` (`id`, `user_id`, `media_types_id`, `file_name`, `file_size`, `created_at`) VALUES ('183', '83', 3, 'dolores', '0', '1984-11-10 04:10:05');
INSERT INTO `media` (`id`, `user_id`, `media_types_id`, `file_name`, `file_size`, `created_at`) VALUES ('184', '84', 4, 'dolorem', '3454353', '1984-11-12 12:24:33');
INSERT INTO `media` (`id`, `user_id`, `media_types_id`, `file_name`, `file_size`, `created_at`) VALUES ('185', '85', 1, 'et', '441447', '2003-08-17 01:07:49');
INSERT INTO `media` (`id`, `user_id`, `media_types_id`, `file_name`, `file_size`, `created_at`) VALUES ('186', '86', 2, 'voluptate', '5620004', '1989-01-02 04:32:07');
INSERT INTO `media` (`id`, `user_id`, `media_types_id`, `file_name`, `file_size`, `created_at`) VALUES ('187', '87', 3, 'est', '795264744', '1996-08-30 15:23:37');
INSERT INTO `media` (`id`, `user_id`, `media_types_id`, `file_name`, `file_size`, `created_at`) VALUES ('188', '88', 4, 'excepturi', '6', '2011-06-08 00:18:59');
INSERT INTO `media` (`id`, `user_id`, `media_types_id`, `file_name`, `file_size`, `created_at`) VALUES ('189', '89', 1, 'vel', '84', '1976-10-11 18:20:32');
INSERT INTO `media` (`id`, `user_id`, `media_types_id`, `file_name`, `file_size`, `created_at`) VALUES ('190', '90', 2, 'praesentium', '710592', '2010-12-23 18:39:58');
INSERT INTO `media` (`id`, `user_id`, `media_types_id`, `file_name`, `file_size`, `created_at`) VALUES ('191', '91', 3, 'quidem', '3', '2004-05-17 05:17:28');
INSERT INTO `media` (`id`, `user_id`, `media_types_id`, `file_name`, `file_size`, `created_at`) VALUES ('192', '92', 4, 'ipsum', '0', '1974-01-01 01:39:14');
INSERT INTO `media` (`id`, `user_id`, `media_types_id`, `file_name`, `file_size`, `created_at`) VALUES ('193', '93', 1, 'doloribus', '225918', '1970-05-05 14:19:19');
INSERT INTO `media` (`id`, `user_id`, `media_types_id`, `file_name`, `file_size`, `created_at`) VALUES ('194', '94', 2, 'aspernatur', '23445', '2001-11-13 04:13:47');
INSERT INTO `media` (`id`, `user_id`, `media_types_id`, `file_name`, `file_size`, `created_at`) VALUES ('195', '95', 3, 'id', '0', '1996-02-08 01:24:09');
INSERT INTO `media` (`id`, `user_id`, `media_types_id`, `file_name`, `file_size`, `created_at`) VALUES ('196', '96', 4, 'assumenda', '3177', '2002-01-18 21:09:43');
INSERT INTO `media` (`id`, `user_id`, `media_types_id`, `file_name`, `file_size`, `created_at`) VALUES ('197', '97', 1, 'repudiandae', '34480630', '2015-10-11 00:53:57');
INSERT INTO `media` (`id`, `user_id`, `media_types_id`, `file_name`, `file_size`, `created_at`) VALUES ('198', '98', 2, 'blanditiis', '5', '1997-08-11 14:25:16');
INSERT INTO `media` (`id`, `user_id`, `media_types_id`, `file_name`, `file_size`, `created_at`) VALUES ('199', '99', 3, 'debitis', '5296', '1980-08-06 17:42:33');
INSERT INTO `media` (`id`, `user_id`, `media_types_id`, `file_name`, `file_size`, `created_at`) VALUES ('200', '100', 4, 'ipsam', '761741465', '2008-10-27 16:43:49');
INSERT INTO `media` (`id`, `user_id`, `media_types_id`, `file_name`, `file_size`, `created_at`) VALUES ('201', '1', 1, 'est', '33', '1996-03-26 02:38:45');
INSERT INTO `media` (`id`, `user_id`, `media_types_id`, `file_name`, `file_size`, `created_at`) VALUES ('202', '2', 2, 'suscipit', '69331951', '1991-09-30 21:57:17');
INSERT INTO `media` (`id`, `user_id`, `media_types_id`, `file_name`, `file_size`, `created_at`) VALUES ('203', '3', 3, 'a', '500849238', '1991-09-24 05:58:49');
INSERT INTO `media` (`id`, `user_id`, `media_types_id`, `file_name`, `file_size`, `created_at`) VALUES ('204', '4', 4, 'saepe', '32745', '1975-05-02 02:56:54');
INSERT INTO `media` (`id`, `user_id`, `media_types_id`, `file_name`, `file_size`, `created_at`) VALUES ('205', '5', 1, 'sapiente', '61', '1973-10-29 07:40:39');
INSERT INTO `media` (`id`, `user_id`, `media_types_id`, `file_name`, `file_size`, `created_at`) VALUES ('206', '6', 2, 'cum', '792', '1977-04-27 12:21:20');
INSERT INTO `media` (`id`, `user_id`, `media_types_id`, `file_name`, `file_size`, `created_at`) VALUES ('207', '7', 3, 'sequi', '151154', '1982-03-29 15:19:24');
INSERT INTO `media` (`id`, `user_id`, `media_types_id`, `file_name`, `file_size`, `created_at`) VALUES ('208', '8', 4, 'perferendis', '8067', '2002-08-09 00:24:05');
INSERT INTO `media` (`id`, `user_id`, `media_types_id`, `file_name`, `file_size`, `created_at`) VALUES ('209', '9', 1, 'ut', '9', '2015-05-04 09:29:03');
INSERT INTO `media` (`id`, `user_id`, `media_types_id`, `file_name`, `file_size`, `created_at`) VALUES ('210', '10', 2, 'odit', '0', '1979-01-19 03:51:27');
INSERT INTO `media` (`id`, `user_id`, `media_types_id`, `file_name`, `file_size`, `created_at`) VALUES ('211', '11', 3, 'eaque', '0', '1977-07-19 21:58:54');
INSERT INTO `media` (`id`, `user_id`, `media_types_id`, `file_name`, `file_size`, `created_at`) VALUES ('212', '12', 4, 'sapiente', '0', '1999-03-10 23:54:49');
INSERT INTO `media` (`id`, `user_id`, `media_types_id`, `file_name`, `file_size`, `created_at`) VALUES ('213', '13', 1, 'et', '10003469', '2009-08-16 15:03:03');
INSERT INTO `media` (`id`, `user_id`, `media_types_id`, `file_name`, `file_size`, `created_at`) VALUES ('214', '14', 2, 'rerum', '0', '2018-02-27 02:21:58');
INSERT INTO `media` (`id`, `user_id`, `media_types_id`, `file_name`, `file_size`, `created_at`) VALUES ('215', '15', 3, 'expedita', '84941', '2015-01-31 05:53:36');
INSERT INTO `media` (`id`, `user_id`, `media_types_id`, `file_name`, `file_size`, `created_at`) VALUES ('216', '16', 4, 'ipsam', '21', '2001-12-17 03:31:49');
INSERT INTO `media` (`id`, `user_id`, `media_types_id`, `file_name`, `file_size`, `created_at`) VALUES ('217', '17', 1, 'ipsum', '291297', '1977-09-04 10:21:48');
INSERT INTO `media` (`id`, `user_id`, `media_types_id`, `file_name`, `file_size`, `created_at`) VALUES ('218', '18', 2, 'et', '72831', '2018-03-10 23:07:29');
INSERT INTO `media` (`id`, `user_id`, `media_types_id`, `file_name`, `file_size`, `created_at`) VALUES ('219', '19', 3, 'ut', '550', '2004-02-06 07:38:12');
INSERT INTO `media` (`id`, `user_id`, `media_types_id`, `file_name`, `file_size`, `created_at`) VALUES ('220', '20', 4, 'voluptas', '4274834', '1998-12-03 21:09:39');
INSERT INTO `media` (`id`, `user_id`, `media_types_id`, `file_name`, `file_size`, `created_at`) VALUES ('221', '21', 1, 'architecto', '23', '1975-10-17 07:49:34');
INSERT INTO `media` (`id`, `user_id`, `media_types_id`, `file_name`, `file_size`, `created_at`) VALUES ('222', '22', 2, 'nulla', '0', '2020-05-20 13:27:57');
INSERT INTO `media` (`id`, `user_id`, `media_types_id`, `file_name`, `file_size`, `created_at`) VALUES ('223', '23', 3, 'veritatis', '37850895', '1984-04-22 04:39:18');
INSERT INTO `media` (`id`, `user_id`, `media_types_id`, `file_name`, `file_size`, `created_at`) VALUES ('224', '24', 4, 'maiores', '60873541', '1992-08-09 23:03:59');
INSERT INTO `media` (`id`, `user_id`, `media_types_id`, `file_name`, `file_size`, `created_at`) VALUES ('225', '25', 1, 'qui', '5620', '1976-07-09 14:42:05');
INSERT INTO `media` (`id`, `user_id`, `media_types_id`, `file_name`, `file_size`, `created_at`) VALUES ('226', '26', 2, 'quam', '83', '2010-05-17 00:23:26');
INSERT INTO `media` (`id`, `user_id`, `media_types_id`, `file_name`, `file_size`, `created_at`) VALUES ('227', '27', 3, 'excepturi', '603', '2014-04-22 02:23:57');
INSERT INTO `media` (`id`, `user_id`, `media_types_id`, `file_name`, `file_size`, `created_at`) VALUES ('228', '28', 4, 'molestias', '940047', '2008-11-14 05:20:06');
INSERT INTO `media` (`id`, `user_id`, `media_types_id`, `file_name`, `file_size`, `created_at`) VALUES ('229', '29', 1, 'deserunt', '58582951', '1983-10-20 23:54:29');
INSERT INTO `media` (`id`, `user_id`, `media_types_id`, `file_name`, `file_size`, `created_at`) VALUES ('230', '30', 2, 'cum', '7600133', '1993-05-16 01:15:34');
INSERT INTO `media` (`id`, `user_id`, `media_types_id`, `file_name`, `file_size`, `created_at`) VALUES ('231', '31', 3, 'odio', '2869829', '2000-04-22 22:07:53');
INSERT INTO `media` (`id`, `user_id`, `media_types_id`, `file_name`, `file_size`, `created_at`) VALUES ('232', '32', 4, 'quam', '0', '1995-07-16 18:05:25');
INSERT INTO `media` (`id`, `user_id`, `media_types_id`, `file_name`, `file_size`, `created_at`) VALUES ('233', '33', 1, 'unde', '29', '2014-01-25 16:33:47');
INSERT INTO `media` (`id`, `user_id`, `media_types_id`, `file_name`, `file_size`, `created_at`) VALUES ('234', '34', 2, 'fugiat', '32270', '1972-01-06 06:09:38');
INSERT INTO `media` (`id`, `user_id`, `media_types_id`, `file_name`, `file_size`, `created_at`) VALUES ('235', '35', 3, 'iusto', '118047', '2020-09-28 18:47:48');
INSERT INTO `media` (`id`, `user_id`, `media_types_id`, `file_name`, `file_size`, `created_at`) VALUES ('236', '36', 4, 'id', '1420643', '2002-06-27 20:29:13');
INSERT INTO `media` (`id`, `user_id`, `media_types_id`, `file_name`, `file_size`, `created_at`) VALUES ('237', '37', 1, 'vero', '16', '1977-01-04 09:54:33');
INSERT INTO `media` (`id`, `user_id`, `media_types_id`, `file_name`, `file_size`, `created_at`) VALUES ('238', '38', 2, 'nostrum', '762439327', '1971-12-23 04:58:14');
INSERT INTO `media` (`id`, `user_id`, `media_types_id`, `file_name`, `file_size`, `created_at`) VALUES ('239', '39', 3, 'sed', '851', '2016-01-27 11:08:46');
INSERT INTO `media` (`id`, `user_id`, `media_types_id`, `file_name`, `file_size`, `created_at`) VALUES ('240', '40', 4, 'est', '89738118', '2017-03-13 03:13:26');
INSERT INTO `media` (`id`, `user_id`, `media_types_id`, `file_name`, `file_size`, `created_at`) VALUES ('241', '41', 1, 'nihil', '92555595', '2017-06-27 00:39:36');
INSERT INTO `media` (`id`, `user_id`, `media_types_id`, `file_name`, `file_size`, `created_at`) VALUES ('242', '42', 2, 'aut', '0', '1987-09-13 10:08:54');
INSERT INTO `media` (`id`, `user_id`, `media_types_id`, `file_name`, `file_size`, `created_at`) VALUES ('243', '43', 3, 'eos', '9', '1997-12-01 11:59:43');
INSERT INTO `media` (`id`, `user_id`, `media_types_id`, `file_name`, `file_size`, `created_at`) VALUES ('244', '44', 4, 'rerum', '9514', '1994-02-20 23:31:45');
INSERT INTO `media` (`id`, `user_id`, `media_types_id`, `file_name`, `file_size`, `created_at`) VALUES ('245', '45', 1, 'non', '32321264', '1973-06-23 13:59:43');
INSERT INTO `media` (`id`, `user_id`, `media_types_id`, `file_name`, `file_size`, `created_at`) VALUES ('246', '46', 2, 'est', '749592223', '1994-05-30 12:08:16');
INSERT INTO `media` (`id`, `user_id`, `media_types_id`, `file_name`, `file_size`, `created_at`) VALUES ('247', '47', 3, 'qui', '2', '1993-11-13 11:42:06');
INSERT INTO `media` (`id`, `user_id`, `media_types_id`, `file_name`, `file_size`, `created_at`) VALUES ('248', '48', 4, 'quam', '341', '1975-11-03 14:59:00');
INSERT INTO `media` (`id`, `user_id`, `media_types_id`, `file_name`, `file_size`, `created_at`) VALUES ('249', '49', 1, 'consequuntur', '6349255', '1992-11-15 13:50:28');
INSERT INTO `media` (`id`, `user_id`, `media_types_id`, `file_name`, `file_size`, `created_at`) VALUES ('250', '50', 2, 'et', '96724', '1989-08-12 07:47:24');


#
# TABLE STRUCTURE FOR: media_types
#

DROP TABLE IF EXISTS `media_types`;

CREATE TABLE `media_types` (
  `id` int(10) unsigned NOT NULL AUTO_INCREMENT,
  `name` varchar(45) COLLATE utf8mb4_unicode_ci NOT NULL,
  PRIMARY KEY (`id`)
) ENGINE=InnoDB AUTO_INCREMENT=5 DEFAULT CHARSET=utf8mb4 COLLATE=utf8mb4_unicode_ci;

INSERT INTO `media_types` (`id`, `name`) VALUES (1, 'consectetur');
INSERT INTO `media_types` (`id`, `name`) VALUES (2, 'assumenda');
INSERT INTO `media_types` (`id`, `name`) VALUES (3, 'rerum');
INSERT INTO `media_types` (`id`, `name`) VALUES (4, 'nobis');


#
# TABLE STRUCTURE FOR: messages
#

DROP TABLE IF EXISTS `messages`;

CREATE TABLE `messages` (
  `id` bigint(20) unsigned NOT NULL AUTO_INCREMENT,
  `from_user_id` bigint(20) unsigned NOT NULL,
  `to_user_id` bigint(20) unsigned NOT NULL,
  `txt` text COLLATE utf8mb4_unicode_ci NOT NULL,
  `is_delivered` tinyint(1) DEFAULT 0,
  `created_at` datetime NOT NULL DEFAULT current_timestamp(),
  `updated_at` datetime DEFAULT NULL ON UPDATE current_timestamp(),
  PRIMARY KEY (`id`),
  KEY `fk_messages_from_user_idx` (`from_user_id`),
  KEY `fk_messages_to_user_idx` (`to_user_id`),
  CONSTRAINT `fk_messages_users_1` FOREIGN KEY (`from_user_id`) REFERENCES `users` (`id`),
  CONSTRAINT `fk_messages_users_2` FOREIGN KEY (`to_user_id`) REFERENCES `users` (`id`)
) ENGINE=InnoDB AUTO_INCREMENT=201 DEFAULT CHARSET=utf8mb4 COLLATE=utf8mb4_unicode_ci;

INSERT INTO `messages` (`id`, `from_user_id`, `to_user_id`, `txt`, `is_delivered`, `created_at`, `updated_at`) VALUES ('1', '1', '1', 'Iste aut exercitationem veritatis perferendis. Aspernatur iste enim illum voluptatem eveniet distinctio iusto. Eum temporibus quasi quis a exercitationem voluptatum.', 0, '2009-04-12 04:26:56', '2009-08-21 03:44:14');
INSERT INTO `messages` (`id`, `from_user_id`, `to_user_id`, `txt`, `is_delivered`, `created_at`, `updated_at`) VALUES ('2', '2', '2', 'In cumque eos accusantium aut. Cumque numquam aperiam possimus et consequatur dolores molestiae. Eos consequatur soluta nulla quo qui dolorem. Ut consequatur vel earum.', 1, '2001-09-06 14:59:12', '2015-06-21 18:49:00');
INSERT INTO `messages` (`id`, `from_user_id`, `to_user_id`, `txt`, `is_delivered`, `created_at`, `updated_at`) VALUES ('3', '3', '3', 'Enim temporibus suscipit dolorem nemo laboriosam assumenda. Enim eaque veniam molestiae magnam.', 0, '2012-07-10 16:39:50', '2011-02-02 09:41:09');
INSERT INTO `messages` (`id`, `from_user_id`, `to_user_id`, `txt`, `is_delivered`, `created_at`, `updated_at`) VALUES ('4', '4', '4', 'Quaerat qui ex adipisci repellat labore aut ratione quis. Non tempore itaque quasi non ut. Ut non quasi et ipsa officia quaerat et et. Sint neque voluptatem alias minus qui ut omnis.', 0, '2012-01-15 22:31:15', '2005-07-27 11:06:43');
INSERT INTO `messages` (`id`, `from_user_id`, `to_user_id`, `txt`, `is_delivered`, `created_at`, `updated_at`) VALUES ('5', '5', '5', 'Voluptatem eaque totam ab quidem. Excepturi corporis tempore qui dicta quo odio ad. Similique modi qui aut eaque occaecati assumenda voluptas.', 0, '2001-02-12 03:40:52', '1994-07-04 00:56:01');
INSERT INTO `messages` (`id`, `from_user_id`, `to_user_id`, `txt`, `is_delivered`, `created_at`, `updated_at`) VALUES ('6', '6', '6', 'Qui harum rerum sed quas ducimus et quis quos. Tempora quia quos vel dolores.\nVoluptatem quis est totam ea. Veniam harum ut atque aperiam exercitationem esse sit.', 0, '2006-09-07 23:12:27', '1992-11-28 07:59:49');
INSERT INTO `messages` (`id`, `from_user_id`, `to_user_id`, `txt`, `is_delivered`, `created_at`, `updated_at`) VALUES ('7', '7', '7', 'Nemo similique est in dicta repellendus ut fuga. Omnis consequatur natus aliquid rerum. Excepturi non eum voluptate deleniti aut vero voluptas error.', 1, '2007-03-08 02:28:20', '2000-12-06 03:31:19');
INSERT INTO `messages` (`id`, `from_user_id`, `to_user_id`, `txt`, `is_delivered`, `created_at`, `updated_at`) VALUES ('8', '8', '8', 'Accusantium quia quas repudiandae illum commodi natus. Et quia nesciunt impedit est nulla. Tenetur labore illum sint ducimus veniam vero doloremque. Est iusto sit fuga sit rerum voluptatem.', 1, '2017-03-28 18:13:20', '1995-06-24 10:48:32');
INSERT INTO `messages` (`id`, `from_user_id`, `to_user_id`, `txt`, `is_delivered`, `created_at`, `updated_at`) VALUES ('9', '9', '9', 'Nam quo distinctio reiciendis in et nesciunt accusamus tempore. Nulla delectus itaque magni non aliquam minus ex et.', 0, '2017-10-03 18:53:06', '2004-08-18 03:56:30');
INSERT INTO `messages` (`id`, `from_user_id`, `to_user_id`, `txt`, `is_delivered`, `created_at`, `updated_at`) VALUES ('10', '10', '10', 'Nisi suscipit non a aliquam aut. Natus excepturi dolorum perspiciatis distinctio sint explicabo. Nemo consectetur suscipit dolor nisi hic velit dolor. Atque ipsa error saepe magni ut iste.', 1, '1999-08-02 17:56:15', '2006-01-30 22:26:06');
INSERT INTO `messages` (`id`, `from_user_id`, `to_user_id`, `txt`, `is_delivered`, `created_at`, `updated_at`) VALUES ('11', '11', '11', 'Facere amet eos sit eum quas qui. Ut sunt et saepe et ut laborum id commodi. Totam minima eius maiores qui laborum quam. Non autem deserunt dolores neque aperiam quis.', 1, '2013-06-28 13:51:21', '1996-12-31 21:56:30');
INSERT INTO `messages` (`id`, `from_user_id`, `to_user_id`, `txt`, `is_delivered`, `created_at`, `updated_at`) VALUES ('12', '12', '12', 'Amet facere error voluptas sit natus. Qui inventore est veniam aut repellendus. Nemo pariatur ducimus non ducimus temporibus est eos. Aspernatur vitae autem pariatur earum enim quidem.', 0, '1993-01-13 01:55:26', '1992-07-02 20:31:28');
INSERT INTO `messages` (`id`, `from_user_id`, `to_user_id`, `txt`, `is_delivered`, `created_at`, `updated_at`) VALUES ('13', '13', '13', 'Aliquam corrupti sint deserunt qui quis dolore. Necessitatibus nihil praesentium eos. Unde commodi dolor voluptatibus voluptatem hic. Dolorum voluptatum facere nihil in modi voluptatem aut.', 0, '1993-12-27 19:40:14', '2008-08-10 22:05:05');
INSERT INTO `messages` (`id`, `from_user_id`, `to_user_id`, `txt`, `is_delivered`, `created_at`, `updated_at`) VALUES ('14', '14', '14', 'Maxime est voluptas rem et. Perferendis voluptatum magnam amet placeat omnis. Est dolor aut sed blanditiis.', 0, '1998-09-03 10:40:16', '2005-10-11 11:20:00');
INSERT INTO `messages` (`id`, `from_user_id`, `to_user_id`, `txt`, `is_delivered`, `created_at`, `updated_at`) VALUES ('15', '15', '15', 'Voluptatem aspernatur sed rerum. Sed in dolorem assumenda est. Fugit adipisci molestiae consequatur aperiam.', 1, '2008-07-05 20:53:03', '2005-08-19 06:07:04');
INSERT INTO `messages` (`id`, `from_user_id`, `to_user_id`, `txt`, `is_delivered`, `created_at`, `updated_at`) VALUES ('16', '16', '16', 'Accusamus repellendus ut earum commodi atque nihil eius. Omnis veniam odio quidem eaque laudantium neque sit voluptas. Maiores molestiae aliquid occaecati rem.', 0, '1995-04-11 15:11:26', '2014-02-01 09:15:01');
INSERT INTO `messages` (`id`, `from_user_id`, `to_user_id`, `txt`, `is_delivered`, `created_at`, `updated_at`) VALUES ('17', '17', '17', 'Qui sunt aut beatae id sequi. Reiciendis sunt voluptatem dicta nisi. Dolorum aut nobis aperiam distinctio ullam.', 1, '2008-01-31 15:35:33', '2000-10-13 16:53:17');
INSERT INTO `messages` (`id`, `from_user_id`, `to_user_id`, `txt`, `is_delivered`, `created_at`, `updated_at`) VALUES ('18', '18', '18', 'Velit ex ducimus sed deleniti sed illum. Repellendus ipsam earum sit molestiae accusamus. Quisquam mollitia quia dolor consequuntur aut.', 1, '2020-09-27 17:57:11', '2015-03-31 05:00:27');
INSERT INTO `messages` (`id`, `from_user_id`, `to_user_id`, `txt`, `is_delivered`, `created_at`, `updated_at`) VALUES ('19', '19', '19', 'Maxime quaerat ea earum vitae. Laudantium rerum nihil quas nihil aut. Et saepe cupiditate dolores esse nihil.', 1, '1995-02-19 15:12:18', '2013-02-17 18:29:39');
INSERT INTO `messages` (`id`, `from_user_id`, `to_user_id`, `txt`, `is_delivered`, `created_at`, `updated_at`) VALUES ('20', '20', '20', 'Architecto animi rerum quo. Eum autem qui non odio. Maxime similique aut voluptas nobis enim et voluptatum. Modi voluptatem quia vel corrupti autem et. Qui aut voluptas reiciendis.', 0, '1994-06-14 11:59:03', '1996-03-15 12:29:57');
INSERT INTO `messages` (`id`, `from_user_id`, `to_user_id`, `txt`, `is_delivered`, `created_at`, `updated_at`) VALUES ('21', '21', '21', 'Aperiam molestiae eos odio ipsa ullam illo sequi. Sit assumenda repudiandae illum qui quae quaerat aspernatur. Minus natus quidem nihil ullam ut.', 0, '2011-04-01 12:59:21', '2020-08-04 12:40:10');
INSERT INTO `messages` (`id`, `from_user_id`, `to_user_id`, `txt`, `is_delivered`, `created_at`, `updated_at`) VALUES ('22', '22', '22', 'Voluptate rerum sit aspernatur minima odit ut nostrum. Totam commodi et a occaecati at laboriosam. Dignissimos eius aut eos nisi. Commodi aliquam neque repudiandae expedita velit voluptas.', 1, '2005-05-09 17:52:23', '1997-11-19 16:32:20');
INSERT INTO `messages` (`id`, `from_user_id`, `to_user_id`, `txt`, `is_delivered`, `created_at`, `updated_at`) VALUES ('23', '23', '23', 'Est velit dolore aut aut alias nihil nisi. Est eveniet nesciunt ad aut mollitia.', 1, '2008-03-30 15:04:18', '2019-10-28 22:47:26');
INSERT INTO `messages` (`id`, `from_user_id`, `to_user_id`, `txt`, `is_delivered`, `created_at`, `updated_at`) VALUES ('24', '24', '24', 'Illum eius explicabo eaque vitae. Aut dolor rerum ea et earum quasi. Rem quis delectus et libero debitis assumenda.', 0, '2010-01-03 11:55:33', '2012-12-23 15:42:10');
INSERT INTO `messages` (`id`, `from_user_id`, `to_user_id`, `txt`, `is_delivered`, `created_at`, `updated_at`) VALUES ('25', '25', '25', 'Fugiat consequuntur sunt in eum ipsum dicta. Vel esse est ipsam vel autem est. Laudantium quia iste aut earum aut ipsa. Vel suscipit molestiae quae omnis. Dolor ipsam sed saepe ut illum est.', 0, '2004-08-02 01:38:25', '2012-03-02 21:47:08');
INSERT INTO `messages` (`id`, `from_user_id`, `to_user_id`, `txt`, `is_delivered`, `created_at`, `updated_at`) VALUES ('26', '26', '26', 'Vero ex sunt id et rerum non. Quis doloribus consequuntur vel repellat qui facere. Necessitatibus numquam eaque sint dicta nihil incidunt.', 1, '2012-09-21 22:05:39', '1999-02-23 01:36:50');
INSERT INTO `messages` (`id`, `from_user_id`, `to_user_id`, `txt`, `is_delivered`, `created_at`, `updated_at`) VALUES ('27', '27', '27', 'Consequuntur dignissimos ut at sapiente nihil nihil est. Quia et sunt veniam enim harum. Voluptates et sed corporis tempora distinctio quam. Quia dolorem non consequatur dolorem est.', 0, '2011-08-11 17:17:23', '2002-11-14 03:00:38');
INSERT INTO `messages` (`id`, `from_user_id`, `to_user_id`, `txt`, `is_delivered`, `created_at`, `updated_at`) VALUES ('28', '28', '28', 'Nisi eos aut beatae consequatur aut impedit ut. Et totam esse quae quis impedit in voluptatem. Qui et est temporibus dolorum officiis enim. Voluptas ipsa ut cum doloremque amet velit.', 1, '2003-11-22 06:55:24', '2001-07-12 04:13:11');
INSERT INTO `messages` (`id`, `from_user_id`, `to_user_id`, `txt`, `is_delivered`, `created_at`, `updated_at`) VALUES ('29', '29', '29', 'Aspernatur nobis dolorem alias cumque voluptas. Velit deleniti est expedita.\nMaiores nostrum est molestias sed in vero. Ipsum qui aut ea et accusantium adipisci aspernatur. Quas nobis in quas est.', 1, '2005-02-18 17:02:48', '1993-07-22 12:55:34');
INSERT INTO `messages` (`id`, `from_user_id`, `to_user_id`, `txt`, `is_delivered`, `created_at`, `updated_at`) VALUES ('30', '30', '30', 'Reprehenderit sequi animi id consectetur sunt saepe. Ut voluptatem aut ut architecto et.\nTemporibus molestias deserunt porro asperiores dicta illo molestias. Dolores qui expedita commodi.', 1, '2003-12-16 09:31:22', '2015-01-15 14:39:47');
INSERT INTO `messages` (`id`, `from_user_id`, `to_user_id`, `txt`, `is_delivered`, `created_at`, `updated_at`) VALUES ('31', '31', '31', 'Voluptatum cupiditate qui debitis nostrum corrupti repellendus. Quam quod rem excepturi vero in laborum eaque. Asperiores voluptates aut consequatur voluptatem sit.', 1, '2017-11-04 01:38:15', '1997-06-26 10:04:02');
INSERT INTO `messages` (`id`, `from_user_id`, `to_user_id`, `txt`, `is_delivered`, `created_at`, `updated_at`) VALUES ('32', '32', '32', 'Voluptas ea incidunt ipsam eveniet laborum. Autem sed praesentium et aliquam nobis. Quos praesentium iure sapiente quod.', 0, '2019-01-20 05:59:35', '1999-12-23 16:20:35');
INSERT INTO `messages` (`id`, `from_user_id`, `to_user_id`, `txt`, `is_delivered`, `created_at`, `updated_at`) VALUES ('33', '33', '33', 'Accusamus iste nam ut. Sapiente quos reiciendis ut minus et. Nesciunt minima rem ipsam quam.', 0, '2003-11-30 01:07:00', '2007-04-14 17:44:00');
INSERT INTO `messages` (`id`, `from_user_id`, `to_user_id`, `txt`, `is_delivered`, `created_at`, `updated_at`) VALUES ('34', '34', '34', 'Delectus quas neque eum totam dicta officiis necessitatibus velit. Laboriosam veniam reiciendis quibusdam hic nam. Distinctio placeat architecto aut fugiat eius. Eos molestiae animi ad.', 1, '2000-08-14 18:46:12', '2018-05-01 14:55:35');
INSERT INTO `messages` (`id`, `from_user_id`, `to_user_id`, `txt`, `is_delivered`, `created_at`, `updated_at`) VALUES ('35', '35', '35', 'Harum harum fuga vero doloremque qui beatae. Molestiae vitae sit nihil quos.', 0, '2014-04-13 22:00:25', '2012-03-10 05:28:15');
INSERT INTO `messages` (`id`, `from_user_id`, `to_user_id`, `txt`, `is_delivered`, `created_at`, `updated_at`) VALUES ('36', '36', '36', 'Cumque aut provident aperiam veritatis fuga. Qui nihil explicabo rerum dolores ut. Debitis excepturi ut et expedita nesciunt.', 1, '2004-11-01 14:41:31', '2008-12-27 16:09:32');
INSERT INTO `messages` (`id`, `from_user_id`, `to_user_id`, `txt`, `is_delivered`, `created_at`, `updated_at`) VALUES ('37', '37', '37', 'Quaerat sed dolor sed alias. Qui et at error provident. Incidunt dolor dolores quia quam quae esse consectetur.', 1, '1991-12-16 00:15:32', '2004-07-14 09:38:39');
INSERT INTO `messages` (`id`, `from_user_id`, `to_user_id`, `txt`, `is_delivered`, `created_at`, `updated_at`) VALUES ('38', '38', '38', 'Blanditiis doloribus ut ut vel. Expedita tenetur nostrum reprehenderit excepturi architecto eligendi. Corporis velit fugit possimus.', 1, '1998-01-09 11:51:54', '1992-06-18 21:26:12');
INSERT INTO `messages` (`id`, `from_user_id`, `to_user_id`, `txt`, `is_delivered`, `created_at`, `updated_at`) VALUES ('39', '39', '39', 'Ullam qui reprehenderit autem voluptas adipisci ad. Ipsam repellat in placeat ratione. Autem saepe vitae rerum illum quia. Officia explicabo qui unde.', 0, '1998-11-28 02:10:42', '2015-08-04 14:14:15');
INSERT INTO `messages` (`id`, `from_user_id`, `to_user_id`, `txt`, `is_delivered`, `created_at`, `updated_at`) VALUES ('40', '40', '40', 'Illum sit est animi hic tempora nemo exercitationem veritatis. Id neque velit ipsum reiciendis fuga voluptate atque. Ut dignissimos architecto architecto deserunt ut.', 0, '2010-02-04 15:32:15', '2014-02-04 18:29:30');
INSERT INTO `messages` (`id`, `from_user_id`, `to_user_id`, `txt`, `is_delivered`, `created_at`, `updated_at`) VALUES ('41', '41', '41', 'Aut rem a rerum eveniet. Voluptatem culpa quo porro maiores. Facilis ratione ab maxime quaerat nobis. Ut eaque ut officia et et.', 0, '2003-06-24 23:16:01', '1998-04-18 05:58:00');
INSERT INTO `messages` (`id`, `from_user_id`, `to_user_id`, `txt`, `is_delivered`, `created_at`, `updated_at`) VALUES ('42', '42', '42', 'Aut facilis minus laboriosam magnam. Facilis necessitatibus provident aut sed. Quia inventore ad alias distinctio possimus illum. Dolore doloremque illum rerum dignissimos porro.', 1, '1992-06-30 17:09:19', '1994-12-27 09:31:45');
INSERT INTO `messages` (`id`, `from_user_id`, `to_user_id`, `txt`, `is_delivered`, `created_at`, `updated_at`) VALUES ('43', '43', '43', 'Exercitationem qui saepe sit qui placeat. Cupiditate ipsam rerum vel harum et nihil beatae. Porro quia tempore dolor velit.', 1, '2008-10-02 08:10:47', '2010-08-09 04:45:44');
INSERT INTO `messages` (`id`, `from_user_id`, `to_user_id`, `txt`, `is_delivered`, `created_at`, `updated_at`) VALUES ('44', '44', '44', 'Voluptatem explicabo accusantium et et minima est voluptates. Laboriosam doloribus omnis qui. Est odit id et non esse velit animi consequatur.', 1, '1995-03-08 13:21:22', '2010-09-06 21:16:34');
INSERT INTO `messages` (`id`, `from_user_id`, `to_user_id`, `txt`, `is_delivered`, `created_at`, `updated_at`) VALUES ('45', '45', '45', 'Quibusdam unde veniam vitae voluptatem. Harum possimus nulla quae. Dolorum quia illo omnis in. Beatae enim accusamus neque hic.', 0, '2011-12-05 13:47:16', '1999-06-08 14:19:04');
INSERT INTO `messages` (`id`, `from_user_id`, `to_user_id`, `txt`, `is_delivered`, `created_at`, `updated_at`) VALUES ('46', '46', '46', 'Quos voluptates est doloremque ut vero. Natus dicta ea necessitatibus impedit deserunt autem minus. Et magni quos eos accusamus est quasi.', 1, '2001-05-08 23:33:06', '2007-07-12 11:16:26');
INSERT INTO `messages` (`id`, `from_user_id`, `to_user_id`, `txt`, `is_delivered`, `created_at`, `updated_at`) VALUES ('47', '47', '47', 'Optio officiis delectus explicabo doloremque. Rerum corrupti consequuntur praesentium consectetur. Adipisci et quia ut natus rerum.', 1, '2001-04-17 13:36:49', '2005-09-02 01:25:51');
INSERT INTO `messages` (`id`, `from_user_id`, `to_user_id`, `txt`, `is_delivered`, `created_at`, `updated_at`) VALUES ('48', '48', '48', 'Veritatis rerum at est magni et impedit et. Quis consequatur qui molestias et et iure. Commodi sed necessitatibus occaecati dolorem et repellat sequi. Et hic et molestiae deserunt est qui.', 0, '2010-05-07 21:56:57', '1991-04-04 07:04:42');
INSERT INTO `messages` (`id`, `from_user_id`, `to_user_id`, `txt`, `is_delivered`, `created_at`, `updated_at`) VALUES ('49', '49', '49', 'Voluptate eaque amet dignissimos aut laborum ut. Velit eum asperiores ea eum eum amet harum. Sed ut rem quia distinctio exercitationem molestiae rem. Dolor quasi laborum et praesentium.', 1, '2007-02-01 21:23:13', '2006-09-01 23:25:31');
INSERT INTO `messages` (`id`, `from_user_id`, `to_user_id`, `txt`, `is_delivered`, `created_at`, `updated_at`) VALUES ('50', '50', '50', 'Numquam nihil facilis est qui impedit quia. Voluptas voluptas assumenda voluptatibus autem dolorem ut. Non deserunt quasi ut ipsa nemo est ut nihil. Amet quidem at nulla cum eum tempora.', 1, '2000-11-24 19:11:53', '2019-09-21 09:56:43');
INSERT INTO `messages` (`id`, `from_user_id`, `to_user_id`, `txt`, `is_delivered`, `created_at`, `updated_at`) VALUES ('51', '51', '51', 'Dolores qui voluptatem mollitia. Quidem harum omnis ut quas consequuntur officia quia est. Et et blanditiis sit sint consequatur consequatur tempore. Id exercitationem reprehenderit quidem eveniet.', 0, '1991-04-30 01:41:35', '2008-03-16 10:43:01');
INSERT INTO `messages` (`id`, `from_user_id`, `to_user_id`, `txt`, `is_delivered`, `created_at`, `updated_at`) VALUES ('52', '52', '52', 'Nisi ab distinctio est est deleniti. Et vel atque ex ipsam. Omnis ullam tempora laboriosam et minus iusto. Mollitia omnis debitis quia quisquam pariatur voluptatem fugit.', 0, '2001-04-08 05:20:30', '2012-11-15 19:34:48');
INSERT INTO `messages` (`id`, `from_user_id`, `to_user_id`, `txt`, `is_delivered`, `created_at`, `updated_at`) VALUES ('53', '53', '53', 'Qui harum nostrum deserunt impedit odit dolor sed. Veritatis modi vel est sint quae explicabo. Iste sunt quas veniam exercitationem non ut.', 0, '2014-01-11 01:50:24', '2012-01-03 19:40:04');
INSERT INTO `messages` (`id`, `from_user_id`, `to_user_id`, `txt`, `is_delivered`, `created_at`, `updated_at`) VALUES ('54', '54', '54', 'Aut ut asperiores debitis vero totam delectus et. Ducimus sint temporibus et eos laboriosam. Hic vel consequatur est omnis aut provident. At aliquid modi laboriosam et vitae molestiae voluptatibus.', 1, '2008-05-18 03:47:05', '2002-12-11 19:01:44');
INSERT INTO `messages` (`id`, `from_user_id`, `to_user_id`, `txt`, `is_delivered`, `created_at`, `updated_at`) VALUES ('55', '55', '55', 'Officiis ea est repellat et quisquam saepe deleniti. Repellendus molestiae impedit perferendis quam qui blanditiis quo. Ut quod consequuntur aut et. Accusantium at et recusandae vel aliquid.', 0, '1995-12-22 04:48:34', '2013-04-11 19:00:48');
INSERT INTO `messages` (`id`, `from_user_id`, `to_user_id`, `txt`, `is_delivered`, `created_at`, `updated_at`) VALUES ('56', '56', '56', 'Voluptas enim repudiandae ut aut laborum. Sint cum nobis consequatur labore consequatur ipsa.', 0, '2002-01-13 11:53:56', '2007-04-27 01:33:56');
INSERT INTO `messages` (`id`, `from_user_id`, `to_user_id`, `txt`, `is_delivered`, `created_at`, `updated_at`) VALUES ('57', '57', '57', 'Voluptatem vero dolor ut in provident. Iste quia quos dolore accusamus iure soluta. Cumque ut tempore fugit adipisci quas architecto ipsum. Harum in officiis aut et.', 0, '1993-05-22 12:42:01', '1999-08-03 19:56:41');
INSERT INTO `messages` (`id`, `from_user_id`, `to_user_id`, `txt`, `is_delivered`, `created_at`, `updated_at`) VALUES ('58', '58', '58', 'Et occaecati delectus velit quia totam rerum sed. Rerum voluptatem aut autem ut quos voluptates. Quod hic et quidem.', 1, '2018-05-04 23:13:37', '1991-09-15 05:36:09');
INSERT INTO `messages` (`id`, `from_user_id`, `to_user_id`, `txt`, `is_delivered`, `created_at`, `updated_at`) VALUES ('59', '59', '59', 'Earum rerum dolorem et totam aliquam ut. Esse ut corrupti doloribus quia. Est et quod voluptatem in voluptas unde amet. Voluptatem rerum et dignissimos omnis.', 1, '1991-04-30 15:47:14', '2007-08-02 04:18:24');
INSERT INTO `messages` (`id`, `from_user_id`, `to_user_id`, `txt`, `is_delivered`, `created_at`, `updated_at`) VALUES ('60', '60', '60', 'Quasi vel sit quos sit debitis dolores illum ab. Iusto ut aliquid commodi enim adipisci non consectetur. Eum nam architecto et saepe reprehenderit. Magni animi labore nihil officia ab animi.', 0, '1999-01-02 16:48:40', '1992-02-18 20:05:50');
INSERT INTO `messages` (`id`, `from_user_id`, `to_user_id`, `txt`, `is_delivered`, `created_at`, `updated_at`) VALUES ('61', '61', '61', 'Deserunt laborum dolorum hic nulla. In blanditiis temporibus quae et sit facere. Non sit nam facere fuga distinctio repudiandae.', 1, '2014-03-31 07:33:15', '2015-06-18 17:23:22');
INSERT INTO `messages` (`id`, `from_user_id`, `to_user_id`, `txt`, `is_delivered`, `created_at`, `updated_at`) VALUES ('62', '62', '62', 'Non aut id ut omnis. Qui nihil vel eos. Dignissimos totam sit ipsa velit id.', 1, '2019-06-17 11:26:15', '1999-08-30 04:52:12');
INSERT INTO `messages` (`id`, `from_user_id`, `to_user_id`, `txt`, `is_delivered`, `created_at`, `updated_at`) VALUES ('63', '63', '63', 'Ratione eum doloremque accusamus repellat voluptas vero voluptatem in. Corporis quis cumque culpa excepturi delectus ut. Suscipit pariatur adipisci est.', 1, '1994-03-24 18:34:24', '2015-03-16 10:14:17');
INSERT INTO `messages` (`id`, `from_user_id`, `to_user_id`, `txt`, `is_delivered`, `created_at`, `updated_at`) VALUES ('64', '64', '64', 'Quia mollitia dolores nulla alias quibusdam repudiandae omnis. Officiis sed qui vel qui veritatis perspiciatis nulla. Ipsam est architecto dolorem quidem eos.', 0, '1992-01-14 23:31:57', '2016-05-25 15:12:56');
INSERT INTO `messages` (`id`, `from_user_id`, `to_user_id`, `txt`, `is_delivered`, `created_at`, `updated_at`) VALUES ('65', '65', '65', 'Nihil ut enim quidem voluptas doloremque. Voluptatem ut tenetur placeat dolores culpa necessitatibus accusantium unde. Voluptas sed voluptas odio unde hic recusandae facilis.', 1, '2017-03-06 22:09:25', '2004-08-15 07:03:42');
INSERT INTO `messages` (`id`, `from_user_id`, `to_user_id`, `txt`, `is_delivered`, `created_at`, `updated_at`) VALUES ('66', '66', '66', 'Est reprehenderit excepturi repellat quo iste molestias sint et. Mollitia a qui dolore officia facilis veniam qui. Qui sequi numquam a atque sit numquam reprehenderit suscipit.', 0, '1996-07-23 03:57:52', '2017-03-08 22:28:50');
INSERT INTO `messages` (`id`, `from_user_id`, `to_user_id`, `txt`, `is_delivered`, `created_at`, `updated_at`) VALUES ('67', '67', '67', 'Cupiditate accusamus perspiciatis quia possimus quo nemo. Aperiam voluptatem nisi at enim ad nostrum. Iure ex voluptatem ducimus modi ea. Temporibus ipsam non dolores explicabo neque sit veritatis.', 0, '2016-03-05 16:47:57', '1994-06-13 10:01:06');
INSERT INTO `messages` (`id`, `from_user_id`, `to_user_id`, `txt`, `is_delivered`, `created_at`, `updated_at`) VALUES ('68', '68', '68', 'Quos voluptatem maxime expedita eos. Dolorem omnis veniam excepturi eum et ut expedita in. Doloribus ducimus aliquid quidem dolores ut veniam eius consequatur.', 0, '1997-08-21 23:04:01', '1997-09-05 19:41:10');
INSERT INTO `messages` (`id`, `from_user_id`, `to_user_id`, `txt`, `is_delivered`, `created_at`, `updated_at`) VALUES ('69', '69', '69', 'Ipsum dignissimos mollitia ipsum repellendus enim. Molestiae repellendus et dolore nesciunt harum sapiente rerum. Porro nihil ipsa et quasi quia eveniet.', 1, '2011-07-17 11:39:09', '1995-10-19 21:30:55');
INSERT INTO `messages` (`id`, `from_user_id`, `to_user_id`, `txt`, `is_delivered`, `created_at`, `updated_at`) VALUES ('70', '70', '70', 'Et vero ut repellendus. Qui ut maiores voluptatem debitis omnis blanditiis neque nulla. Deserunt accusantium delectus mollitia eum modi vel rerum. Sapiente facere sed aut voluptatem sunt vel.', 1, '1995-02-27 10:58:17', '1998-02-08 22:11:45');
INSERT INTO `messages` (`id`, `from_user_id`, `to_user_id`, `txt`, `is_delivered`, `created_at`, `updated_at`) VALUES ('71', '71', '71', 'Eos dolore aut voluptas et. Quos sunt nam minima culpa. Tempora cumque repudiandae aut aut nisi asperiores. Sit odit voluptate saepe ut quisquam velit.', 1, '1996-04-05 00:10:32', '2001-09-22 22:43:18');
INSERT INTO `messages` (`id`, `from_user_id`, `to_user_id`, `txt`, `is_delivered`, `created_at`, `updated_at`) VALUES ('72', '72', '72', 'Non ut rerum neque ut dolorum. In aut officia suscipit ut fugiat expedita praesentium ut. Aut ut omnis perferendis sunt aliquid dolor. Et similique corporis impedit qui ex ut est.', 0, '2007-05-17 08:02:54', '1995-01-03 10:00:59');
INSERT INTO `messages` (`id`, `from_user_id`, `to_user_id`, `txt`, `is_delivered`, `created_at`, `updated_at`) VALUES ('73', '73', '73', 'Temporibus in sapiente dolorem nihil. Et hic a enim aliquam ea illo. Ut nemo quisquam omnis dolor est animi.\nQuia est dolorem ut consequatur. Quis quo expedita rerum est assumenda et sunt.', 0, '2006-12-16 11:24:27', '2018-11-15 05:50:57');
INSERT INTO `messages` (`id`, `from_user_id`, `to_user_id`, `txt`, `is_delivered`, `created_at`, `updated_at`) VALUES ('74', '74', '74', 'Odio dolorem consectetur corrupti hic in vero ipsa. Dignissimos laudantium aliquam odio et. Laborum rerum doloremque ut omnis maxime suscipit.', 0, '2002-12-04 01:15:23', '1996-03-21 14:37:05');
INSERT INTO `messages` (`id`, `from_user_id`, `to_user_id`, `txt`, `is_delivered`, `created_at`, `updated_at`) VALUES ('75', '75', '75', 'Non repellat quis sequi. Ab quod accusantium hic deserunt.', 0, '2003-06-13 09:55:00', '2020-10-11 10:04:27');
INSERT INTO `messages` (`id`, `from_user_id`, `to_user_id`, `txt`, `is_delivered`, `created_at`, `updated_at`) VALUES ('76', '76', '76', 'Animi qui rerum quia et et. Blanditiis est et voluptatem inventore et et quia. Modi fuga doloremque ut voluptatibus. Consequuntur consectetur accusantium error quidem est.', 0, '2007-03-20 22:12:16', '1994-08-13 22:41:52');
INSERT INTO `messages` (`id`, `from_user_id`, `to_user_id`, `txt`, `is_delivered`, `created_at`, `updated_at`) VALUES ('77', '77', '77', 'Odio quam fuga rerum perspiciatis. Sed possimus magni earum consequatur ut. Nostrum officiis exercitationem aliquid non sed porro.', 0, '2020-01-05 08:34:29', '2008-10-22 01:32:07');
INSERT INTO `messages` (`id`, `from_user_id`, `to_user_id`, `txt`, `is_delivered`, `created_at`, `updated_at`) VALUES ('78', '78', '78', 'Cum veniam sit quasi aspernatur dolorem minus. Ut quisquam rerum asperiores earum.', 0, '2010-05-06 12:26:17', '2003-10-24 05:55:43');
INSERT INTO `messages` (`id`, `from_user_id`, `to_user_id`, `txt`, `is_delivered`, `created_at`, `updated_at`) VALUES ('79', '79', '79', 'Minima ex voluptatem aliquid reprehenderit. Consequuntur ut omnis rerum praesentium quo consequatur. Illo assumenda facere dolor suscipit culpa ullam qui. A ut earum perferendis provident.', 1, '1992-11-16 08:40:58', '2010-06-19 05:59:32');
INSERT INTO `messages` (`id`, `from_user_id`, `to_user_id`, `txt`, `is_delivered`, `created_at`, `updated_at`) VALUES ('80', '80', '80', 'Officiis quo perspiciatis laborum temporibus numquam non. Est illo omnis ipsam doloremque. Hic modi iusto ipsam.', 0, '1992-08-07 06:38:02', '1991-11-05 16:36:18');
INSERT INTO `messages` (`id`, `from_user_id`, `to_user_id`, `txt`, `is_delivered`, `created_at`, `updated_at`) VALUES ('81', '81', '81', 'Eum non est sed ut ratione ipsum maxime. Maiores autem ut consectetur ea sit corrupti suscipit. Quaerat in voluptas nihil enim veniam et modi. Ad ut facere occaecati quaerat ut fugiat nobis.', 0, '2019-08-13 03:21:27', '2008-01-21 01:09:52');
INSERT INTO `messages` (`id`, `from_user_id`, `to_user_id`, `txt`, `is_delivered`, `created_at`, `updated_at`) VALUES ('82', '82', '82', 'Nulla et reiciendis doloribus eaque quae. Quia nihil corporis eum vel. Sequi et voluptatem non quia id. Sed reprehenderit qui et quo corporis omnis.', 1, '1999-11-15 16:53:57', '1997-09-13 18:19:08');
INSERT INTO `messages` (`id`, `from_user_id`, `to_user_id`, `txt`, `is_delivered`, `created_at`, `updated_at`) VALUES ('83', '83', '83', 'Facere voluptas nobis in illo occaecati. Et ipsam vel dolores quas vitae quia. Enim dolorem et qui non. Voluptas ullam ab occaecati.', 1, '2017-03-11 02:47:40', '2003-12-26 10:06:01');
INSERT INTO `messages` (`id`, `from_user_id`, `to_user_id`, `txt`, `is_delivered`, `created_at`, `updated_at`) VALUES ('84', '84', '84', 'Ipsam explicabo voluptatibus accusantium voluptatem pariatur eos. Ut qui in ut aut consequuntur reiciendis. Quo quas rerum voluptatum voluptas odio placeat quae. Nam veniam quia possimus.', 1, '2017-10-29 04:46:07', '1999-10-05 14:15:37');
INSERT INTO `messages` (`id`, `from_user_id`, `to_user_id`, `txt`, `is_delivered`, `created_at`, `updated_at`) VALUES ('85', '85', '85', 'Labore exercitationem est dicta repudiandae aut. Hic reprehenderit eaque reprehenderit autem quo. Quia aliquid quam eaque laudantium libero ad soluta.', 1, '2003-12-12 02:15:00', '2019-11-13 16:04:06');
INSERT INTO `messages` (`id`, `from_user_id`, `to_user_id`, `txt`, `is_delivered`, `created_at`, `updated_at`) VALUES ('86', '86', '86', 'Quis nulla hic et iure perferendis. Voluptatum neque ipsa dolorum dolorum. Inventore eaque veniam doloribus dolores debitis. Vel sed sequi facilis.', 1, '2017-07-14 06:08:34', '1993-02-21 03:07:08');
INSERT INTO `messages` (`id`, `from_user_id`, `to_user_id`, `txt`, `is_delivered`, `created_at`, `updated_at`) VALUES ('87', '87', '87', 'Debitis consequatur dicta consequatur facilis. Ipsam qui assumenda libero ut. Consequatur tempore et ad quas omnis vel quisquam. Doloribus doloribus nemo dicta.', 1, '1991-12-09 14:14:31', '2004-11-24 00:36:51');
INSERT INTO `messages` (`id`, `from_user_id`, `to_user_id`, `txt`, `is_delivered`, `created_at`, `updated_at`) VALUES ('88', '88', '88', 'Earum est rem harum odit sequi. Quia cumque eum et quod veritatis accusamus a. Sunt ratione corrupti ipsa voluptas saepe. Non et ad officiis ipsum ea ipsa aut.', 1, '2015-05-19 19:57:28', '2007-12-23 23:00:05');
INSERT INTO `messages` (`id`, `from_user_id`, `to_user_id`, `txt`, `is_delivered`, `created_at`, `updated_at`) VALUES ('89', '89', '89', 'Voluptatibus et vel ut rerum asperiores. Voluptatem illum hic natus totam. Numquam sit praesentium ut molestiae nostrum qui.', 1, '2011-11-17 13:42:30', '1993-02-27 05:45:26');
INSERT INTO `messages` (`id`, `from_user_id`, `to_user_id`, `txt`, `is_delivered`, `created_at`, `updated_at`) VALUES ('90', '90', '90', 'Neque veritatis quas debitis nostrum. Nulla blanditiis veniam sint vel. Adipisci et dolores voluptatem. Et repellat sit at qui.', 0, '1996-08-02 13:38:50', '2018-09-12 23:06:52');
INSERT INTO `messages` (`id`, `from_user_id`, `to_user_id`, `txt`, `is_delivered`, `created_at`, `updated_at`) VALUES ('91', '91', '91', 'Deleniti et exercitationem architecto enim voluptatem. Labore minus totam nam laudantium nisi qui. Eos eos neque ullam soluta. Excepturi ut assumenda dolor enim maxime.', 0, '1998-03-09 09:24:14', '1994-09-10 09:34:14');
INSERT INTO `messages` (`id`, `from_user_id`, `to_user_id`, `txt`, `is_delivered`, `created_at`, `updated_at`) VALUES ('92', '92', '92', 'Natus accusantium odit veritatis omnis vel. In qui dolorem reprehenderit sunt. Est veritatis id soluta qui corrupti natus.', 1, '2015-11-23 06:27:13', '2001-04-28 17:28:08');
INSERT INTO `messages` (`id`, `from_user_id`, `to_user_id`, `txt`, `is_delivered`, `created_at`, `updated_at`) VALUES ('93', '93', '93', 'Animi vitae repellendus rem laboriosam voluptatum magnam. Fuga recusandae eum nobis quia. Laborum autem cupiditate porro ullam eum voluptas dolorum.', 0, '2010-05-07 05:08:50', '2001-06-12 17:29:01');
INSERT INTO `messages` (`id`, `from_user_id`, `to_user_id`, `txt`, `is_delivered`, `created_at`, `updated_at`) VALUES ('94', '94', '94', 'Quasi suscipit consequatur ut et aliquid tenetur deserunt. Nostrum maiores impedit aut eligendi.', 0, '2003-11-20 15:38:57', '1993-02-26 01:33:25');
INSERT INTO `messages` (`id`, `from_user_id`, `to_user_id`, `txt`, `is_delivered`, `created_at`, `updated_at`) VALUES ('95', '95', '95', 'Saepe natus rerum natus qui. Fuga deleniti nemo quam aut architecto veniam ea rem. Qui inventore et ratione corrupti illo.', 1, '2019-01-07 07:29:35', '1998-03-07 00:33:05');
INSERT INTO `messages` (`id`, `from_user_id`, `to_user_id`, `txt`, `is_delivered`, `created_at`, `updated_at`) VALUES ('96', '96', '96', 'Dolor debitis id culpa autem fuga ratione rerum occaecati. Optio officia incidunt voluptate et omnis facere. Quod autem nulla voluptates. Rerum culpa velit consequatur id.', 0, '2001-03-19 18:12:57', '1991-09-12 15:08:39');
INSERT INTO `messages` (`id`, `from_user_id`, `to_user_id`, `txt`, `is_delivered`, `created_at`, `updated_at`) VALUES ('97', '97', '97', 'Maiores dicta exercitationem est a consequatur. Natus non aut nulla quibusdam harum aut quaerat. Dolorem vel voluptatum veritatis dolorum velit officiis.', 1, '2014-10-16 15:32:49', '1994-05-09 16:34:54');
INSERT INTO `messages` (`id`, `from_user_id`, `to_user_id`, `txt`, `is_delivered`, `created_at`, `updated_at`) VALUES ('98', '98', '98', 'Numquam aliquam dolorum nisi. Sed tempora aspernatur iure aliquam ea iusto. Omnis et dolorem neque est consequatur ad vel. Sit dolor et voluptatem inventore optio quis.', 1, '1993-10-06 02:39:59', '2003-05-24 12:26:51');
INSERT INTO `messages` (`id`, `from_user_id`, `to_user_id`, `txt`, `is_delivered`, `created_at`, `updated_at`) VALUES ('99', '99', '99', 'Pariatur vel ut id recusandae. Modi temporibus vel dignissimos reprehenderit earum.\nQuis suscipit id rem ut. Dolores hic sed eos. Veniam in sed est enim libero quos sequi culpa.', 1, '2011-03-19 05:11:14', '2002-12-28 20:23:38');
INSERT INTO `messages` (`id`, `from_user_id`, `to_user_id`, `txt`, `is_delivered`, `created_at`, `updated_at`) VALUES ('100', '100', '100', 'Ut eligendi totam in similique vel. Quis facere aperiam aliquam qui officia aut cum culpa. Reiciendis quod praesentium deleniti accusantium provident. Accusantium ullam quo eos et maiores.', 1, '2007-12-21 16:40:17', '2000-07-23 19:19:41');
INSERT INTO `messages` (`id`, `from_user_id`, `to_user_id`, `txt`, `is_delivered`, `created_at`, `updated_at`) VALUES ('101', '1', '1', 'Distinctio quod nulla et impedit dolorem voluptatum temporibus. Et veniam illum quis autem.', 1, '2004-08-23 10:08:08', '2019-11-19 08:40:33');
INSERT INTO `messages` (`id`, `from_user_id`, `to_user_id`, `txt`, `is_delivered`, `created_at`, `updated_at`) VALUES ('102', '2', '2', 'Magnam alias quis repellendus nisi qui accusantium omnis. Perferendis soluta est iusto officia est quo. Rerum accusamus quis assumenda officia. Et numquam ratione possimus aut.', 0, '2005-04-13 20:31:10', '2001-02-07 04:17:23');
INSERT INTO `messages` (`id`, `from_user_id`, `to_user_id`, `txt`, `is_delivered`, `created_at`, `updated_at`) VALUES ('103', '3', '3', 'Delectus saepe voluptatem velit explicabo aut a. Amet ipsa enim iure distinctio et aspernatur sint. Aliquam illum vero consequatur aut mollitia doloremque esse accusantium.', 1, '2000-04-26 15:48:47', '2011-10-11 22:23:12');
INSERT INTO `messages` (`id`, `from_user_id`, `to_user_id`, `txt`, `is_delivered`, `created_at`, `updated_at`) VALUES ('104', '4', '4', 'Ab modi voluptas voluptatem id. Molestias rerum veritatis in ea. Explicabo aut voluptas magnam perspiciatis tempore velit vero.', 0, '2013-03-06 21:09:17', '2006-03-17 10:36:50');
INSERT INTO `messages` (`id`, `from_user_id`, `to_user_id`, `txt`, `is_delivered`, `created_at`, `updated_at`) VALUES ('105', '5', '5', 'Magni eum optio consequatur consequatur enim. Et at et aut ipsum dignissimos tempore. Et quo porro dolor soluta est.', 0, '2002-12-11 07:50:22', '2018-10-01 22:56:26');
INSERT INTO `messages` (`id`, `from_user_id`, `to_user_id`, `txt`, `is_delivered`, `created_at`, `updated_at`) VALUES ('106', '6', '6', 'Dolores rerum sed accusamus id. Aut itaque facere veniam est qui. Consequatur cumque mollitia numquam placeat quasi mollitia totam et.', 1, '2015-08-15 22:42:50', '2018-04-19 14:28:44');
INSERT INTO `messages` (`id`, `from_user_id`, `to_user_id`, `txt`, `is_delivered`, `created_at`, `updated_at`) VALUES ('107', '7', '7', 'Ab est aperiam incidunt pariatur impedit distinctio. Nesciunt corporis unde voluptates perferendis illum enim. Dolorem debitis libero distinctio voluptatibus.', 0, '2013-04-21 10:44:32', '1997-06-29 15:55:30');
INSERT INTO `messages` (`id`, `from_user_id`, `to_user_id`, `txt`, `is_delivered`, `created_at`, `updated_at`) VALUES ('108', '8', '8', 'Voluptas voluptas minima quaerat amet aut expedita. Quo sit nihil quasi. Omnis inventore quia quo. In ut officiis dolores ipsam. Architecto esse quia nisi repellendus quia.', 0, '2010-05-08 03:33:36', '2014-02-14 22:34:53');
INSERT INTO `messages` (`id`, `from_user_id`, `to_user_id`, `txt`, `is_delivered`, `created_at`, `updated_at`) VALUES ('109', '9', '9', 'Expedita in et fuga. Iusto quam optio odit vitae labore. Sunt itaque eligendi culpa possimus dolore quae. Ea a quod nisi corrupti dolores quas.', 0, '1993-05-08 21:25:32', '2015-05-02 02:53:43');
INSERT INTO `messages` (`id`, `from_user_id`, `to_user_id`, `txt`, `is_delivered`, `created_at`, `updated_at`) VALUES ('110', '10', '10', 'Odit consequatur nihil molestiae quidem eaque ut nisi. Aspernatur cumque sunt hic sint voluptatem cupiditate occaecati. Qui dolorem neque fugit repellendus.', 1, '2017-01-14 18:48:38', '2002-10-04 16:16:53');
INSERT INTO `messages` (`id`, `from_user_id`, `to_user_id`, `txt`, `is_delivered`, `created_at`, `updated_at`) VALUES ('111', '11', '11', 'Non dolorem eum at nulla modi corporis. Porro dignissimos pariatur dolore quibusdam. Quidem ut ut ut. Sed error et ut id quod.', 0, '1993-03-09 09:48:49', '2012-11-04 11:48:18');
INSERT INTO `messages` (`id`, `from_user_id`, `to_user_id`, `txt`, `is_delivered`, `created_at`, `updated_at`) VALUES ('112', '12', '12', 'Ipsam ut quos odit ut unde ut provident consequatur. Omnis quia totam ut eum excepturi. Id sit et veritatis quasi id.', 0, '2015-07-13 15:47:02', '1993-02-24 08:04:13');
INSERT INTO `messages` (`id`, `from_user_id`, `to_user_id`, `txt`, `is_delivered`, `created_at`, `updated_at`) VALUES ('113', '13', '13', 'Est placeat eum in voluptas sed molestiae. Voluptas deleniti placeat ut quia. Rerum consequatur aut dolores. Placeat iure eligendi enim maxime voluptatem qui nostrum.', 1, '1992-01-24 18:48:53', '2008-06-29 10:02:53');
INSERT INTO `messages` (`id`, `from_user_id`, `to_user_id`, `txt`, `is_delivered`, `created_at`, `updated_at`) VALUES ('114', '14', '14', 'In in repellendus dolorem sed ipsa quo. Est impedit laboriosam et dignissimos. Tempore consequuntur ad placeat quisquam culpa. Fuga voluptatem necessitatibus consequuntur dicta nemo sit.', 0, '2017-03-05 22:24:31', '1997-06-25 03:09:52');
INSERT INTO `messages` (`id`, `from_user_id`, `to_user_id`, `txt`, `is_delivered`, `created_at`, `updated_at`) VALUES ('115', '15', '15', 'Sunt qui quam error ut. Qui sed enim repellendus ducimus. Qui provident sit distinctio delectus. Inventore rem ab id rerum.', 1, '2004-05-05 23:39:40', '2007-04-20 17:41:32');
INSERT INTO `messages` (`id`, `from_user_id`, `to_user_id`, `txt`, `is_delivered`, `created_at`, `updated_at`) VALUES ('116', '16', '16', 'Est eveniet quo dolorem sit sint facilis. Harum corrupti ab dolorem doloremque laborum dolores aspernatur.', 1, '2005-05-10 12:18:33', '2019-05-24 11:51:37');
INSERT INTO `messages` (`id`, `from_user_id`, `to_user_id`, `txt`, `is_delivered`, `created_at`, `updated_at`) VALUES ('117', '17', '17', 'Vero deserunt et itaque cumque. Dolor fugit et neque perspiciatis nostrum quia. Ipsum accusantium et qui consequatur qui. Animi sit dicta provident et aut eaque eum.', 0, '2014-06-09 18:56:04', '2013-05-31 03:41:31');
INSERT INTO `messages` (`id`, `from_user_id`, `to_user_id`, `txt`, `is_delivered`, `created_at`, `updated_at`) VALUES ('118', '18', '18', 'Ullam non asperiores cupiditate libero totam. Similique officiis quos natus molestiae. Voluptas vel dolorem autem quo autem.', 0, '1992-07-27 14:52:34', '2011-12-23 14:26:19');
INSERT INTO `messages` (`id`, `from_user_id`, `to_user_id`, `txt`, `is_delivered`, `created_at`, `updated_at`) VALUES ('119', '19', '19', 'Vel vitae dolores molestias. Sunt sed voluptatem aperiam voluptatum qui at. Non exercitationem vel reprehenderit officiis.', 0, '2020-03-04 10:33:50', '2001-07-03 09:03:27');
INSERT INTO `messages` (`id`, `from_user_id`, `to_user_id`, `txt`, `is_delivered`, `created_at`, `updated_at`) VALUES ('120', '20', '20', 'Vero eaque molestiae non ut eos officiis. Aperiam repudiandae nisi quidem sit est itaque. Est voluptas culpa sit ratione facere libero sequi. Consequatur quod rem nemo amet.', 0, '1993-08-04 03:44:58', '2008-01-29 14:08:37');
INSERT INTO `messages` (`id`, `from_user_id`, `to_user_id`, `txt`, `is_delivered`, `created_at`, `updated_at`) VALUES ('121', '21', '21', 'Eum debitis nemo minus officiis sint omnis. Fugit quia in expedita accusantium rerum voluptatem id. Quibusdam vel beatae praesentium enim.', 1, '2014-07-30 11:55:58', '1996-11-12 15:00:35');
INSERT INTO `messages` (`id`, `from_user_id`, `to_user_id`, `txt`, `is_delivered`, `created_at`, `updated_at`) VALUES ('122', '22', '22', 'Doloribus qui dicta omnis ipsa molestiae. Commodi praesentium repellendus iusto. Est nisi velit minima. Id et officia ad eius odio dolorem nobis.', 0, '2010-09-18 06:32:23', '2019-01-17 22:47:02');
INSERT INTO `messages` (`id`, `from_user_id`, `to_user_id`, `txt`, `is_delivered`, `created_at`, `updated_at`) VALUES ('123', '23', '23', 'Qui eos vitae aut minus. Nobis occaecati temporibus quasi omnis nostrum. Non ducimus ab ipsum sequi neque similique explicabo.', 1, '2015-12-09 03:31:31', '1994-09-27 13:03:01');
INSERT INTO `messages` (`id`, `from_user_id`, `to_user_id`, `txt`, `is_delivered`, `created_at`, `updated_at`) VALUES ('124', '24', '24', 'Eum et et numquam impedit iusto at commodi. Quo neque qui molestias cum sunt aliquid quasi.', 0, '2007-11-03 10:08:17', '2005-11-08 10:08:02');
INSERT INTO `messages` (`id`, `from_user_id`, `to_user_id`, `txt`, `is_delivered`, `created_at`, `updated_at`) VALUES ('125', '25', '25', 'Ratione inventore voluptates ut nisi. Quo et et ut qui qui. Iure rerum voluptates culpa ipsam. Fuga sit labore explicabo ut et et.', 1, '2018-02-03 02:59:18', '1998-11-27 21:59:05');
INSERT INTO `messages` (`id`, `from_user_id`, `to_user_id`, `txt`, `is_delivered`, `created_at`, `updated_at`) VALUES ('126', '26', '26', 'Aperiam ex ipsa blanditiis deserunt et est eos. Accusamus recusandae porro a totam dolores deserunt. Non qui quidem vero ut optio quia vero. Ut laborum quos sit illum saepe.', 0, '1991-12-29 21:09:26', '2011-10-30 17:15:33');
INSERT INTO `messages` (`id`, `from_user_id`, `to_user_id`, `txt`, `is_delivered`, `created_at`, `updated_at`) VALUES ('127', '27', '27', 'Iste necessitatibus cumque vel fuga dolores reprehenderit iusto fugiat. Minus numquam eum harum itaque consequuntur. Eligendi voluptatem nam quo et sint rerum.', 0, '2012-12-21 06:06:03', '1998-12-18 00:25:51');
INSERT INTO `messages` (`id`, `from_user_id`, `to_user_id`, `txt`, `is_delivered`, `created_at`, `updated_at`) VALUES ('128', '28', '28', 'Debitis at necessitatibus occaecati nostrum dignissimos. Eligendi amet ab inventore impedit enim et dolorum. Illo repellendus rem aut. Sunt sint tempore ipsam quia dolorum excepturi voluptates.', 1, '2011-06-09 14:50:44', '2014-04-08 11:02:23');
INSERT INTO `messages` (`id`, `from_user_id`, `to_user_id`, `txt`, `is_delivered`, `created_at`, `updated_at`) VALUES ('129', '29', '29', 'Dicta magnam minima ad enim est. Voluptatem quae porro magnam animi eveniet vero. Vero earum voluptas vitae aliquid incidunt mollitia quibusdam.', 0, '2016-12-03 18:18:24', '1996-12-12 10:14:54');
INSERT INTO `messages` (`id`, `from_user_id`, `to_user_id`, `txt`, `is_delivered`, `created_at`, `updated_at`) VALUES ('130', '30', '30', 'Saepe dolore assumenda at quis rerum et in. Laudantium dolore nisi sunt velit ut. Accusamus qui est nemo aut. Quos rerum molestias provident ad ut consequatur.', 1, '2015-08-23 10:21:40', '1992-02-12 06:07:33');
INSERT INTO `messages` (`id`, `from_user_id`, `to_user_id`, `txt`, `is_delivered`, `created_at`, `updated_at`) VALUES ('131', '31', '31', 'Maxime et ut voluptatem nulla placeat. Itaque cumque hic quibusdam rerum quos. Sed est aut cum cupiditate pariatur nulla molestiae.', 1, '1999-05-22 14:30:24', '2018-02-17 20:38:25');
INSERT INTO `messages` (`id`, `from_user_id`, `to_user_id`, `txt`, `is_delivered`, `created_at`, `updated_at`) VALUES ('132', '32', '32', 'Voluptatem deserunt in et ut quod dolorem veniam. Eius eum mollitia illo sit. Expedita et nemo molestiae minus sapiente. Ipsam quia voluptas quas et magni est.', 1, '2018-01-15 22:58:36', '2013-07-17 23:01:34');
INSERT INTO `messages` (`id`, `from_user_id`, `to_user_id`, `txt`, `is_delivered`, `created_at`, `updated_at`) VALUES ('133', '33', '33', 'Qui libero rerum voluptatum enim qui. Nisi aliquid eum dolorum ad et rerum reiciendis praesentium. Et iste voluptatem magnam inventore. Culpa eligendi suscipit est et nostrum aut.', 1, '2008-12-04 17:38:06', '2007-08-21 20:32:24');
INSERT INTO `messages` (`id`, `from_user_id`, `to_user_id`, `txt`, `is_delivered`, `created_at`, `updated_at`) VALUES ('134', '34', '34', 'Ut rerum magnam velit eaque voluptas eos explicabo. Aut ut sequi libero deserunt repudiandae iure quisquam. Inventore ad hic dolorem et quasi quibusdam.', 0, '2020-11-23 15:54:54', '2016-06-09 08:52:12');
INSERT INTO `messages` (`id`, `from_user_id`, `to_user_id`, `txt`, `is_delivered`, `created_at`, `updated_at`) VALUES ('135', '35', '35', 'Ipsam laudantium id aspernatur illum vero. Aspernatur velit rem voluptatem ut. Voluptatem non rem reprehenderit non.', 0, '1998-04-15 10:47:14', '1991-08-25 14:08:43');
INSERT INTO `messages` (`id`, `from_user_id`, `to_user_id`, `txt`, `is_delivered`, `created_at`, `updated_at`) VALUES ('136', '36', '36', 'Impedit omnis magnam pariatur qui voluptatem est. Quam aut est delectus voluptas beatae quo.', 1, '2013-06-06 18:55:02', '2019-01-28 03:19:57');
INSERT INTO `messages` (`id`, `from_user_id`, `to_user_id`, `txt`, `is_delivered`, `created_at`, `updated_at`) VALUES ('137', '37', '37', 'Ad quia nisi quis occaecati temporibus. Quis ex nulla recusandae est. Accusamus quaerat incidunt harum nihil sunt nisi quia. Accusamus dignissimos nulla qui aut est magni quam odio.', 1, '2002-04-02 19:43:14', '2009-04-27 14:19:56');
INSERT INTO `messages` (`id`, `from_user_id`, `to_user_id`, `txt`, `is_delivered`, `created_at`, `updated_at`) VALUES ('138', '38', '38', 'Eum sed quia dolore enim totam laboriosam ipsa inventore. Sed veniam distinctio iusto provident totam. Voluptatibus qui veniam nam amet officiis.', 0, '2001-04-17 05:43:27', '2019-08-15 18:04:53');
INSERT INTO `messages` (`id`, `from_user_id`, `to_user_id`, `txt`, `is_delivered`, `created_at`, `updated_at`) VALUES ('139', '39', '39', 'Voluptate consectetur nesciunt illo neque repellat illum quia. Labore atque ratione est in explicabo molestias quia. Tempore libero quia ut harum cumque molestiae. Quis laborum neque aut saepe.', 0, '1994-10-21 09:55:33', '2004-02-20 03:02:28');
INSERT INTO `messages` (`id`, `from_user_id`, `to_user_id`, `txt`, `is_delivered`, `created_at`, `updated_at`) VALUES ('140', '40', '40', 'Placeat maiores suscipit qui non. Omnis voluptatem et quae incidunt rerum debitis nihil. Quia eum ipsam qui odio itaque. Perspiciatis modi tempore tempore eos eaque sed.', 0, '2005-11-23 18:38:47', '2009-12-03 16:53:42');
INSERT INTO `messages` (`id`, `from_user_id`, `to_user_id`, `txt`, `is_delivered`, `created_at`, `updated_at`) VALUES ('141', '41', '41', 'Maiores rem eum culpa aperiam ut itaque et. Blanditiis qui unde sunt ut esse aut incidunt doloremque. Reiciendis quisquam facere quibusdam fuga.', 1, '2000-11-02 16:30:02', '2017-05-22 11:09:49');
INSERT INTO `messages` (`id`, `from_user_id`, `to_user_id`, `txt`, `is_delivered`, `created_at`, `updated_at`) VALUES ('142', '42', '42', 'Sit recusandae rem enim eveniet. Voluptate alias in possimus sed ut. Qui provident sed consequatur odio. Autem numquam deleniti laborum vitae delectus architecto et.', 0, '1997-07-26 01:33:54', '2015-09-17 08:02:45');
INSERT INTO `messages` (`id`, `from_user_id`, `to_user_id`, `txt`, `is_delivered`, `created_at`, `updated_at`) VALUES ('143', '43', '43', 'Voluptates et necessitatibus ducimus qui hic. Expedita nostrum sint ut voluptas minus omnis omnis.', 0, '2004-05-25 00:31:30', '2007-08-27 00:15:54');
INSERT INTO `messages` (`id`, `from_user_id`, `to_user_id`, `txt`, `is_delivered`, `created_at`, `updated_at`) VALUES ('144', '44', '44', 'Molestiae ut quia officiis quidem. Aut aliquid et quia fugit quo at sint maxime. Sequi mollitia iste ab voluptate blanditiis labore.', 1, '2016-11-28 02:15:51', '2017-09-02 21:11:29');
INSERT INTO `messages` (`id`, `from_user_id`, `to_user_id`, `txt`, `is_delivered`, `created_at`, `updated_at`) VALUES ('145', '45', '45', 'Commodi a id quam id nobis tenetur eos nesciunt. Rerum perspiciatis repellat voluptatem aut qui. Ut nihil doloremque ea. Animi quo quasi ullam reprehenderit.', 1, '1996-01-04 11:46:16', '1997-04-14 04:56:39');
INSERT INTO `messages` (`id`, `from_user_id`, `to_user_id`, `txt`, `is_delivered`, `created_at`, `updated_at`) VALUES ('146', '46', '46', 'Nobis eum ut magnam corrupti earum nulla a. Itaque adipisci ab magni praesentium autem soluta. Id voluptatem accusantium rerum et.', 0, '2012-03-11 17:59:16', '1995-05-10 07:10:20');
INSERT INTO `messages` (`id`, `from_user_id`, `to_user_id`, `txt`, `is_delivered`, `created_at`, `updated_at`) VALUES ('147', '47', '47', 'Autem et distinctio est animi consequatur. Omnis accusamus amet placeat et dolores. Laborum et sint quia saepe. Recusandae quasi natus nostrum magni.', 0, '1999-12-05 11:53:30', '2001-02-18 05:03:13');
INSERT INTO `messages` (`id`, `from_user_id`, `to_user_id`, `txt`, `is_delivered`, `created_at`, `updated_at`) VALUES ('148', '48', '48', 'Et molestiae qui temporibus. Magnam qui sint quia tempora. Aspernatur assumenda est possimus sint ut architecto.', 1, '2001-08-13 18:24:15', '2010-11-03 06:59:48');
INSERT INTO `messages` (`id`, `from_user_id`, `to_user_id`, `txt`, `is_delivered`, `created_at`, `updated_at`) VALUES ('149', '49', '49', 'Tenetur voluptas ut sed quis aliquam quis quos adipisci. Ratione aut placeat vitae iure. Sit maiores non non est. Nulla labore quis modi aut.', 0, '2016-08-18 14:01:48', '1997-09-11 07:33:45');
INSERT INTO `messages` (`id`, `from_user_id`, `to_user_id`, `txt`, `is_delivered`, `created_at`, `updated_at`) VALUES ('150', '50', '50', 'Nemo sit rerum suscipit labore voluptas. Alias quia odio voluptatem. Dolorum iure ea modi ullam nam.', 1, '1998-09-01 11:16:07', '2015-04-23 12:22:00');
INSERT INTO `messages` (`id`, `from_user_id`, `to_user_id`, `txt`, `is_delivered`, `created_at`, `updated_at`) VALUES ('151', '51', '51', 'Eaque quia asperiores repudiandae odio in consequatur rerum. Et itaque ex quaerat sequi. Ipsa omnis et voluptatum. Est inventore quidem magni.', 1, '1996-07-17 03:37:05', '2008-10-15 22:45:22');
INSERT INTO `messages` (`id`, `from_user_id`, `to_user_id`, `txt`, `is_delivered`, `created_at`, `updated_at`) VALUES ('152', '52', '52', 'Sit sit quos aspernatur cumque. Suscipit ducimus aspernatur eum qui labore. A pariatur et non labore quae. Aut est est dignissimos corporis corporis maiores sit consequuntur.', 1, '1999-11-12 18:27:54', '2009-04-11 13:40:34');
INSERT INTO `messages` (`id`, `from_user_id`, `to_user_id`, `txt`, `is_delivered`, `created_at`, `updated_at`) VALUES ('153', '53', '53', 'Et et quis quisquam provident illum. Commodi aliquid commodi temporibus cupiditate. Qui non saepe beatae aliquid.', 0, '1999-05-17 06:09:56', '2018-07-08 02:36:02');
INSERT INTO `messages` (`id`, `from_user_id`, `to_user_id`, `txt`, `is_delivered`, `created_at`, `updated_at`) VALUES ('154', '54', '54', 'Enim pariatur expedita illum eius. Est exercitationem ratione et consequatur vel quia delectus. Dolorum velit adipisci molestiae at quo. Omnis suscipit nihil aspernatur.', 0, '2015-07-29 13:57:33', '2009-06-14 23:37:13');
INSERT INTO `messages` (`id`, `from_user_id`, `to_user_id`, `txt`, `is_delivered`, `created_at`, `updated_at`) VALUES ('155', '55', '55', 'Enim veniam necessitatibus tempora laudantium qui sed. Et eveniet et rem iure. Maiores doloremque quia unde numquam.\nExpedita necessitatibus veritatis vel magni. Odio ex voluptatem soluta rem.', 0, '2000-03-11 14:02:22', '2015-01-05 06:21:35');
INSERT INTO `messages` (`id`, `from_user_id`, `to_user_id`, `txt`, `is_delivered`, `created_at`, `updated_at`) VALUES ('156', '56', '56', 'Quod ut repellendus et repellendus commodi. Non voluptate nobis reiciendis amet. Non libero perferendis sapiente illum. Corrupti quisquam vel quia alias temporibus.', 0, '2002-03-04 14:56:59', '1991-04-21 03:49:22');
INSERT INTO `messages` (`id`, `from_user_id`, `to_user_id`, `txt`, `is_delivered`, `created_at`, `updated_at`) VALUES ('157', '57', '57', 'Debitis qui aut harum id sunt voluptatibus est. Quisquam id maiores quae aspernatur ut velit. Sed aliquid voluptas et assumenda rerum. Vel et eos architecto minus.', 0, '1992-06-18 02:12:30', '2018-01-24 01:23:33');
INSERT INTO `messages` (`id`, `from_user_id`, `to_user_id`, `txt`, `is_delivered`, `created_at`, `updated_at`) VALUES ('158', '58', '58', 'Eos natus voluptas tempora. Possimus cupiditate dicta delectus atque expedita. Voluptatem nesciunt laborum et odio.', 1, '2013-05-14 21:05:50', '2013-08-26 10:19:23');
INSERT INTO `messages` (`id`, `from_user_id`, `to_user_id`, `txt`, `is_delivered`, `created_at`, `updated_at`) VALUES ('159', '59', '59', 'Qui voluptas alias aperiam praesentium facere in porro. Aspernatur vero adipisci amet odio cumque harum. Voluptas ducimus sint quod ducimus natus ipsam expedita. Nihil sit non non quas.', 1, '2019-09-17 14:27:16', '2017-11-07 21:42:32');
INSERT INTO `messages` (`id`, `from_user_id`, `to_user_id`, `txt`, `is_delivered`, `created_at`, `updated_at`) VALUES ('160', '60', '60', 'Fugiat quo porro odit. Illo quo qui omnis eos et omnis. Dolor dolorum libero vero facere velit totam. Mollitia corrupti nam delectus sed modi illo praesentium.', 1, '2010-07-17 06:03:23', '2012-01-24 22:24:25');
INSERT INTO `messages` (`id`, `from_user_id`, `to_user_id`, `txt`, `is_delivered`, `created_at`, `updated_at`) VALUES ('161', '61', '61', 'Recusandae et laborum praesentium est vel sapiente dolorum. Et occaecati qui ipsa id. Qui sapiente iste sed autem tempora rerum. Dolor omnis ea quae omnis.', 0, '2009-09-16 21:44:07', '1993-02-20 08:47:46');
INSERT INTO `messages` (`id`, `from_user_id`, `to_user_id`, `txt`, `is_delivered`, `created_at`, `updated_at`) VALUES ('162', '62', '62', 'Rem tenetur sunt ut consequatur et libero et. Optio qui est maxime inventore quia. Voluptate quae ab ut earum soluta. Mollitia adipisci consequatur voluptatem natus porro.', 1, '1997-05-01 17:14:04', '2010-06-18 08:10:57');
INSERT INTO `messages` (`id`, `from_user_id`, `to_user_id`, `txt`, `is_delivered`, `created_at`, `updated_at`) VALUES ('163', '63', '63', 'Minus natus laborum corrupti quia. Odit reprehenderit nihil sapiente perferendis assumenda.', 1, '2004-10-06 02:03:48', '2009-01-07 19:51:48');
INSERT INTO `messages` (`id`, `from_user_id`, `to_user_id`, `txt`, `is_delivered`, `created_at`, `updated_at`) VALUES ('164', '64', '64', 'Sed enim quae dolores placeat dignissimos rem. Numquam eos error est possimus eius. Voluptatibus velit voluptates ipsam quo ullam pariatur asperiores facilis.', 0, '2009-01-01 05:47:05', '2013-02-06 16:09:28');
INSERT INTO `messages` (`id`, `from_user_id`, `to_user_id`, `txt`, `is_delivered`, `created_at`, `updated_at`) VALUES ('165', '65', '65', 'In quas debitis quia aut atque. Dicta iusto qui tenetur. Nihil nihil harum facere ipsam ea reiciendis. Odit et quae maxime.', 1, '2015-09-02 10:16:50', '1993-12-05 21:22:17');
INSERT INTO `messages` (`id`, `from_user_id`, `to_user_id`, `txt`, `is_delivered`, `created_at`, `updated_at`) VALUES ('166', '66', '66', 'Sapiente eum voluptas dolor dignissimos molestias veniam ut. Laudantium odio similique numquam modi debitis vitae quas et. Mollitia ut explicabo voluptatem eum.', 1, '1995-02-06 04:30:00', '2010-08-26 02:26:53');
INSERT INTO `messages` (`id`, `from_user_id`, `to_user_id`, `txt`, `is_delivered`, `created_at`, `updated_at`) VALUES ('167', '67', '67', 'Delectus officia rerum delectus similique doloribus rerum nobis. Voluptas nihil deserunt sit.', 1, '2011-09-21 09:50:30', '1992-02-13 10:00:21');
INSERT INTO `messages` (`id`, `from_user_id`, `to_user_id`, `txt`, `is_delivered`, `created_at`, `updated_at`) VALUES ('168', '68', '68', 'Consequatur quia repellat dolorem et rem. Velit assumenda assumenda molestiae ad qui impedit vitae quia. Delectus deleniti omnis voluptatibus labore ipsum velit cumque sint.', 0, '1991-06-30 01:41:33', '2019-09-29 07:04:45');
INSERT INTO `messages` (`id`, `from_user_id`, `to_user_id`, `txt`, `is_delivered`, `created_at`, `updated_at`) VALUES ('169', '69', '69', 'Qui dolore dolore nisi assumenda. Omnis dolor fugiat asperiores assumenda qui. Officia et dolor qui et eum sunt doloremque. Natus explicabo dolorem odit aliquid amet blanditiis.', 0, '1992-03-29 06:23:45', '1992-03-11 20:55:08');
INSERT INTO `messages` (`id`, `from_user_id`, `to_user_id`, `txt`, `is_delivered`, `created_at`, `updated_at`) VALUES ('170', '70', '70', 'Minima sapiente quod recusandae ut neque. Facilis error vitae repellat quia quod. Ex suscipit cum sunt. Accusantium et ad sint sunt suscipit rerum.', 0, '2009-12-03 21:11:58', '2003-06-21 10:30:34');
INSERT INTO `messages` (`id`, `from_user_id`, `to_user_id`, `txt`, `is_delivered`, `created_at`, `updated_at`) VALUES ('171', '71', '71', 'Non nobis amet voluptate. Laborum odio quia repellendus veritatis ut sequi voluptas. Tempore occaecati qui accusamus quis consequuntur sit.', 1, '2005-05-14 10:33:09', '2008-04-02 03:59:20');
INSERT INTO `messages` (`id`, `from_user_id`, `to_user_id`, `txt`, `is_delivered`, `created_at`, `updated_at`) VALUES ('172', '72', '72', 'Sequi reprehenderit laudantium aut voluptas. Voluptatem fuga repudiandae eum error. Placeat nobis placeat aut repellat voluptates amet dolorum ab. Harum eos sed ut debitis sint et labore et.', 0, '2004-10-13 17:10:05', '2016-06-19 21:21:38');
INSERT INTO `messages` (`id`, `from_user_id`, `to_user_id`, `txt`, `is_delivered`, `created_at`, `updated_at`) VALUES ('173', '73', '73', 'Sunt laudantium quis est impedit a est. Consequuntur cum reprehenderit et quisquam facere. Pariatur enim quibusdam dicta expedita quasi facilis ratione. Provident temporibus praesentium qui ea.', 1, '2015-10-23 08:11:58', '2001-08-09 17:33:34');
INSERT INTO `messages` (`id`, `from_user_id`, `to_user_id`, `txt`, `is_delivered`, `created_at`, `updated_at`) VALUES ('174', '74', '74', 'Optio ipsum debitis quas. Aut voluptatem porro alias nostrum.', 1, '2017-07-10 19:52:05', '1993-02-24 08:27:56');
INSERT INTO `messages` (`id`, `from_user_id`, `to_user_id`, `txt`, `is_delivered`, `created_at`, `updated_at`) VALUES ('175', '75', '75', 'Cum hic eveniet neque impedit voluptas error. Eligendi ut a eos aperiam a aut veritatis. Error voluptas vero ut omnis. Cupiditate quae tempora voluptatem omnis.', 1, '1992-08-19 07:57:43', '2012-10-03 20:53:34');
INSERT INTO `messages` (`id`, `from_user_id`, `to_user_id`, `txt`, `is_delivered`, `created_at`, `updated_at`) VALUES ('176', '76', '76', 'Repudiandae tempore officiis cupiditate et. Nulla quisquam vel id illum. Aut ullam dicta culpa. Eveniet omnis assumenda eaque assumenda veniam maiores corrupti et.', 0, '2007-09-18 04:53:36', '2001-11-07 14:05:20');
INSERT INTO `messages` (`id`, `from_user_id`, `to_user_id`, `txt`, `is_delivered`, `created_at`, `updated_at`) VALUES ('177', '77', '77', 'Aliquid quia voluptatem sit rerum facilis qui. Tempora et suscipit rerum eligendi aut. Consequuntur repellat recusandae quaerat ab.', 1, '2016-10-30 15:59:27', '1995-08-07 20:15:41');
INSERT INTO `messages` (`id`, `from_user_id`, `to_user_id`, `txt`, `is_delivered`, `created_at`, `updated_at`) VALUES ('178', '78', '78', 'Voluptatem earum amet minima et. Enim hic fuga et pariatur similique laboriosam. Omnis provident et officiis blanditiis accusamus culpa. Eius voluptatibus quasi fugit vel beatae temporibus velit.', 1, '2019-01-03 22:11:49', '1999-10-07 11:13:29');
INSERT INTO `messages` (`id`, `from_user_id`, `to_user_id`, `txt`, `is_delivered`, `created_at`, `updated_at`) VALUES ('179', '79', '79', 'Et id tempore cumque voluptatum. Optio nam eos dolorem blanditiis aut. Voluptate corrupti amet alias nihil quaerat. Ab repellat labore dolore enim ea eaque aliquam.', 1, '2010-03-28 23:35:08', '2019-02-23 01:31:18');
INSERT INTO `messages` (`id`, `from_user_id`, `to_user_id`, `txt`, `is_delivered`, `created_at`, `updated_at`) VALUES ('180', '80', '80', 'Aperiam dolor minus in aut rerum. Consequatur quod sit ipsum iusto atque.', 1, '2004-08-23 11:31:27', '1999-07-06 23:14:42');
INSERT INTO `messages` (`id`, `from_user_id`, `to_user_id`, `txt`, `is_delivered`, `created_at`, `updated_at`) VALUES ('181', '81', '81', 'Quaerat adipisci velit nulla dolor. Natus exercitationem eos totam atque nulla atque omnis. Natus facere velit praesentium nobis et eligendi cupiditate.', 1, '2007-05-01 08:31:38', '2008-03-26 13:04:23');
INSERT INTO `messages` (`id`, `from_user_id`, `to_user_id`, `txt`, `is_delivered`, `created_at`, `updated_at`) VALUES ('182', '82', '82', 'Repellat iure veniam enim numquam. Qui iusto dolorem beatae quis autem maxime. Et et numquam temporibus minus.', 1, '2021-02-15 01:29:32', '2003-01-12 22:19:37');
INSERT INTO `messages` (`id`, `from_user_id`, `to_user_id`, `txt`, `is_delivered`, `created_at`, `updated_at`) VALUES ('183', '83', '83', 'Aut reiciendis sit eum dolor omnis architecto necessitatibus. Minus nihil earum ut non illo qui. Magni eligendi illo quis ex ut aperiam odio. Maxime nesciunt ducimus temporibus non ipsa nostrum.', 0, '1999-03-09 04:33:07', '2008-12-09 10:48:49');
INSERT INTO `messages` (`id`, `from_user_id`, `to_user_id`, `txt`, `is_delivered`, `created_at`, `updated_at`) VALUES ('184', '84', '84', 'Repellendus voluptas neque voluptatem voluptatibus nihil sapiente. Deleniti voluptas quod voluptates magnam atque saepe. Neque accusantium maxime commodi.', 1, '2018-07-01 03:44:30', '1996-02-21 22:47:38');
INSERT INTO `messages` (`id`, `from_user_id`, `to_user_id`, `txt`, `is_delivered`, `created_at`, `updated_at`) VALUES ('185', '85', '85', 'Velit ea blanditiis veniam. Consequatur ut est qui ipsum. Doloremque possimus exercitationem non eius.', 0, '2007-02-12 22:53:12', '1998-07-11 04:52:58');
INSERT INTO `messages` (`id`, `from_user_id`, `to_user_id`, `txt`, `is_delivered`, `created_at`, `updated_at`) VALUES ('186', '86', '86', 'Aut aspernatur velit aut libero. Quod beatae et aperiam provident enim.\nOdio voluptas voluptas et voluptas. Facere eveniet est hic qui fuga. Sit et quaerat eligendi. Est magnam qui possimus vel.', 1, '2015-05-02 02:00:48', '2000-09-29 09:21:23');
INSERT INTO `messages` (`id`, `from_user_id`, `to_user_id`, `txt`, `is_delivered`, `created_at`, `updated_at`) VALUES ('187', '87', '87', 'Error architecto accusamus est vel ut. Voluptatibus repellendus ipsam velit. Et laudantium reiciendis cupiditate et.', 0, '2015-11-15 15:27:45', '2000-12-21 11:08:36');
INSERT INTO `messages` (`id`, `from_user_id`, `to_user_id`, `txt`, `is_delivered`, `created_at`, `updated_at`) VALUES ('188', '88', '88', 'Molestiae nihil optio et libero fuga sunt rerum. Inventore et et sapiente maiores culpa sint quisquam. Recusandae perferendis quidem labore vel et necessitatibus.', 0, '2011-05-02 16:40:42', '2016-08-09 09:24:23');
INSERT INTO `messages` (`id`, `from_user_id`, `to_user_id`, `txt`, `is_delivered`, `created_at`, `updated_at`) VALUES ('189', '89', '89', 'Dolores dicta sit ut aliquid repellat. Inventore quia culpa et. Voluptas nostrum et veniam veritatis.', 1, '2005-10-13 21:16:01', '2012-09-16 11:18:53');
INSERT INTO `messages` (`id`, `from_user_id`, `to_user_id`, `txt`, `is_delivered`, `created_at`, `updated_at`) VALUES ('190', '90', '90', 'Qui placeat quia blanditiis odio ut optio. Sunt rerum ut blanditiis perspiciatis et rerum corporis. Aut laboriosam et quis ipsa labore ea.', 1, '2003-09-07 14:12:45', '2010-09-07 21:14:14');
INSERT INTO `messages` (`id`, `from_user_id`, `to_user_id`, `txt`, `is_delivered`, `created_at`, `updated_at`) VALUES ('191', '91', '91', 'Repellendus qui doloremque dicta facere in in. Velit est et sapiente culpa.', 1, '2005-10-22 09:57:13', '1992-11-30 16:39:07');
INSERT INTO `messages` (`id`, `from_user_id`, `to_user_id`, `txt`, `is_delivered`, `created_at`, `updated_at`) VALUES ('192', '92', '92', 'Odio provident ut maiores. Ut quae ipsam ea nulla. Et autem quia rerum molestias. Ducimus non placeat est eveniet eaque ab.', 0, '1999-10-18 16:55:44', '2018-08-26 13:02:51');
INSERT INTO `messages` (`id`, `from_user_id`, `to_user_id`, `txt`, `is_delivered`, `created_at`, `updated_at`) VALUES ('193', '93', '93', 'Soluta et consectetur corporis et enim ut. Ut voluptates exercitationem velit numquam omnis repellendus aut. Nihil quia adipisci et soluta mollitia ratione odio.', 0, '1991-03-28 11:06:36', '2008-06-13 16:01:04');
INSERT INTO `messages` (`id`, `from_user_id`, `to_user_id`, `txt`, `is_delivered`, `created_at`, `updated_at`) VALUES ('194', '94', '94', 'Qui eos dolor consequuntur necessitatibus dolor corrupti sequi. Quis corrupti quia molestias molestiae vitae rerum consequatur. Perferendis et non enim dolores dolor.', 1, '2021-01-25 08:56:37', '2016-04-01 21:32:46');
INSERT INTO `messages` (`id`, `from_user_id`, `to_user_id`, `txt`, `is_delivered`, `created_at`, `updated_at`) VALUES ('195', '95', '95', 'Minus voluptatem sequi dicta maiores in laborum quia. Sed fugit libero sed sequi molestiae numquam aperiam. In reprehenderit quo harum velit maxime magnam inventore. Id animi et atque ut eius.', 0, '1994-10-04 12:32:17', '2017-04-25 12:23:06');
INSERT INTO `messages` (`id`, `from_user_id`, `to_user_id`, `txt`, `is_delivered`, `created_at`, `updated_at`) VALUES ('196', '96', '96', 'Voluptatem vero quis incidunt. Exercitationem eaque dolorem quam ipsum eveniet error. Vero minima beatae consequatur est possimus. Distinctio minus iste laudantium incidunt laboriosam.', 0, '2005-09-14 02:18:22', '1994-04-11 04:48:07');
INSERT INTO `messages` (`id`, `from_user_id`, `to_user_id`, `txt`, `is_delivered`, `created_at`, `updated_at`) VALUES ('197', '97', '97', 'Incidunt animi fugit aspernatur ut sed. Et aspernatur vel voluptatem nulla dolores sapiente vitae. Numquam qui et et dignissimos.', 0, '1999-08-14 10:28:38', '2019-05-19 04:01:02');
INSERT INTO `messages` (`id`, `from_user_id`, `to_user_id`, `txt`, `is_delivered`, `created_at`, `updated_at`) VALUES ('198', '98', '98', 'Ratione laborum facilis asperiores quia harum. Omnis et repellat porro impedit ab. Dolor harum quae eum sed.', 0, '1995-07-17 14:19:55', '2008-06-07 14:56:52');
INSERT INTO `messages` (`id`, `from_user_id`, `to_user_id`, `txt`, `is_delivered`, `created_at`, `updated_at`) VALUES ('199', '99', '99', 'Explicabo voluptatem sint architecto sint. Unde mollitia rerum omnis vel culpa. Eius exercitationem voluptates voluptatum totam doloribus. Dignissimos neque dignissimos omnis sed aut quod aut.', 1, '2017-11-11 16:53:58', '2002-12-30 12:39:57');
INSERT INTO `messages` (`id`, `from_user_id`, `to_user_id`, `txt`, `is_delivered`, `created_at`, `updated_at`) VALUES ('200', '100', '100', 'Magni in non asperiores quo aut. Beatae et laudantium ut hic adipisci dicta. Officiis cumque rem sunt dolorem distinctio officia ipsum natus.', 0, '1999-11-08 05:33:02', '2009-04-30 01:03:15');


#
# TABLE STRUCTURE FOR: new_post_user
#

DROP TABLE IF EXISTS `new_post_user`;

CREATE TABLE `new_post_user` (
  `id` bigint(20) unsigned NOT NULL AUTO_INCREMENT,
  `user_id` bigint(20) unsigned NOT NULL,
  `visible_all` tinyint(1) DEFAULT 1,
  `txt_post` text COLLATE utf8mb4_unicode_ci NOT NULL,
  `media_id` bigint(20) unsigned DEFAULT NULL,
  `created_at` datetime NOT NULL DEFAULT current_timestamp(),
  `updated_at` datetime DEFAULT NULL ON UPDATE current_timestamp(),
  PRIMARY KEY (`id`),
  KEY `fk_new_post_user_media_idx` (`media_id`),
  KEY `fk_new_post_user_idx` (`user_id`),
  CONSTRAINT `fk_new_post_user_media` FOREIGN KEY (`media_id`) REFERENCES `media` (`id`),
  CONSTRAINT `fk_new_post_user_users` FOREIGN KEY (`user_id`) REFERENCES `users` (`id`)
) ENGINE=InnoDB AUTO_INCREMENT=81 DEFAULT CHARSET=utf8mb4 COLLATE=utf8mb4_unicode_ci;

INSERT INTO `new_post_user` (`id`, `user_id`, `visible_all`, `txt_post`, `media_id`, `created_at`, `updated_at`) VALUES ('1', '1', 0, 'Quos dolore libero nisi. Possimus deleniti quia omnis quasi nulla accusantium. Nesciunt animi quibusdam voluptatem quo.', '1', '1981-11-20 14:13:37', '2016-10-31 18:56:50');
INSERT INTO `new_post_user` (`id`, `user_id`, `visible_all`, `txt_post`, `media_id`, `created_at`, `updated_at`) VALUES ('2', '2', 1, 'Dolore aspernatur omnis earum molestiae. Harum veniam libero quae soluta animi et minima. Repellat perferendis quos nulla provident vitae fugiat.', '2', '2010-05-13 00:13:32', '2019-07-04 23:59:36');
INSERT INTO `new_post_user` (`id`, `user_id`, `visible_all`, `txt_post`, `media_id`, `created_at`, `updated_at`) VALUES ('3', '3', 0, 'Enim laborum cumque quo necessitatibus incidunt similique et. Illum quo et explicabo est rem. Nihil ab ipsum vero. Odit veritatis mollitia fugit harum perferendis incidunt sequi.', '3', '2001-09-28 22:22:41', '1974-08-03 05:39:30');
INSERT INTO `new_post_user` (`id`, `user_id`, `visible_all`, `txt_post`, `media_id`, `created_at`, `updated_at`) VALUES ('4', '4', 1, 'Quia totam exercitationem fugiat veritatis harum eos. Quia totam unde ullam enim. Laboriosam hic veniam quis commodi repellendus suscipit. Laudantium alias et quia. Ipsa mollitia et quaerat.', '4', '2008-07-27 11:50:16', '2015-11-09 01:09:45');
INSERT INTO `new_post_user` (`id`, `user_id`, `visible_all`, `txt_post`, `media_id`, `created_at`, `updated_at`) VALUES ('5', '5', 1, 'Facilis impedit et consequuntur et. Voluptatem voluptatem expedita cumque et. Excepturi facilis sint ab temporibus. Voluptatem accusamus nisi veniam autem.', '5', '2000-02-05 21:19:11', '2014-03-09 10:39:31');
INSERT INTO `new_post_user` (`id`, `user_id`, `visible_all`, `txt_post`, `media_id`, `created_at`, `updated_at`) VALUES ('6', '6', 0, 'Saepe cupiditate sint ut odio commodi consequatur. Debitis alias eum qui est doloribus dolore et deserunt. Explicabo quas expedita rerum sunt laborum tempore. Nemo eum quasi quos alias.', '6', '1988-03-11 12:55:07', '1994-08-23 19:57:36');
INSERT INTO `new_post_user` (`id`, `user_id`, `visible_all`, `txt_post`, `media_id`, `created_at`, `updated_at`) VALUES ('7', '7', 0, 'Sed dolorem dolores omnis tempora quis nulla hic dolores. Voluptatem quo ipsam corrupti quia. Officia rerum ab voluptate veniam enim dolore dignissimos iusto.', '7', '1981-05-10 09:37:37', '1974-01-16 14:20:38');
INSERT INTO `new_post_user` (`id`, `user_id`, `visible_all`, `txt_post`, `media_id`, `created_at`, `updated_at`) VALUES ('8', '8', 1, 'Qui quas labore illum maiores. Mollitia fuga incidunt odit voluptatum magni. Reprehenderit harum ipsam quibusdam aut. Blanditiis sed quo provident qui voluptate fuga.', '8', '2011-12-06 12:27:53', '1983-07-27 21:27:59');
INSERT INTO `new_post_user` (`id`, `user_id`, `visible_all`, `txt_post`, `media_id`, `created_at`, `updated_at`) VALUES ('9', '9', 1, 'Aperiam id debitis iusto quo omnis iusto omnis. Libero qui aliquam dolorem animi magni asperiores fugit. Enim consequuntur neque earum et ipsum. Error doloribus adipisci iste recusandae.', '9', '1978-08-17 18:13:45', '1999-04-08 05:07:45');
INSERT INTO `new_post_user` (`id`, `user_id`, `visible_all`, `txt_post`, `media_id`, `created_at`, `updated_at`) VALUES ('10', '10', 0, 'Doloribus dolorem fugit voluptatibus quisquam nulla officiis totam assumenda. Sit nobis fugit totam maxime magnam. Ex quibusdam qui rerum nobis. Ea qui non qui eum.', '10', '2006-08-09 12:01:07', '2004-12-31 21:11:44');
INSERT INTO `new_post_user` (`id`, `user_id`, `visible_all`, `txt_post`, `media_id`, `created_at`, `updated_at`) VALUES ('11', '11', 0, 'Non rem aut accusamus non. At sunt vero nemo quas nihil aut aliquid. Et distinctio nostrum odit. Non cum voluptatem quos ipsum dolor veritatis.', '11', '1999-12-07 04:20:09', '1981-09-24 01:44:27');
INSERT INTO `new_post_user` (`id`, `user_id`, `visible_all`, `txt_post`, `media_id`, `created_at`, `updated_at`) VALUES ('12', '12', 0, 'Enim in quisquam odio ut expedita sed iure. Reiciendis illo rerum odio qui dolores et nesciunt. Quae quia asperiores placeat illo impedit quis omnis error.', '12', '2016-10-22 23:00:27', '1999-12-20 22:54:40');
INSERT INTO `new_post_user` (`id`, `user_id`, `visible_all`, `txt_post`, `media_id`, `created_at`, `updated_at`) VALUES ('13', '13', 1, 'Voluptates sunt et tenetur. Tempore ut deserunt praesentium iste inventore dignissimos. Qui dolorem sunt cupiditate molestias nostrum. Dolor sit enim culpa nemo aut.', '13', '1995-04-22 20:58:45', '2015-01-24 06:27:04');
INSERT INTO `new_post_user` (`id`, `user_id`, `visible_all`, `txt_post`, `media_id`, `created_at`, `updated_at`) VALUES ('14', '14', 1, 'Temporibus vitae accusamus placeat repudiandae est ipsa maxime. Fugit et autem quae ut illo aut.', '14', '1973-08-13 18:54:00', '1994-08-02 17:27:37');
INSERT INTO `new_post_user` (`id`, `user_id`, `visible_all`, `txt_post`, `media_id`, `created_at`, `updated_at`) VALUES ('15', '15', 1, 'Odio fugiat autem sit et. Aut cupiditate odio non impedit et ullam. Qui sed blanditiis eligendi commodi. Assumenda ut error commodi.', '15', '1981-11-13 17:38:24', '1997-01-17 07:57:26');
INSERT INTO `new_post_user` (`id`, `user_id`, `visible_all`, `txt_post`, `media_id`, `created_at`, `updated_at`) VALUES ('16', '16', 0, 'Nulla placeat illo necessitatibus ut voluptatem beatae. Atque quam architecto earum quos sed voluptatem. Libero corporis voluptatem nulla asperiores. Libero ullam molestias neque quod.', '16', '1978-02-09 12:44:22', '1982-08-10 06:06:21');
INSERT INTO `new_post_user` (`id`, `user_id`, `visible_all`, `txt_post`, `media_id`, `created_at`, `updated_at`) VALUES ('17', '17', 0, 'Dolorem qui rem delectus dolorum. At aspernatur error a quibusdam neque nam assumenda. Est in eligendi asperiores ipsam illo sint.', '17', '2002-11-11 19:53:51', '2005-01-10 13:25:44');
INSERT INTO `new_post_user` (`id`, `user_id`, `visible_all`, `txt_post`, `media_id`, `created_at`, `updated_at`) VALUES ('18', '18', 0, 'Illum quod ducimus quos vel velit eum odit. Ut aut animi possimus cum saepe. Harum voluptatibus recusandae praesentium sapiente veritatis quisquam. Atque quia molestiae saepe minima ipsam ex ab.', '18', '2003-05-02 08:45:19', '2018-01-17 07:58:30');
INSERT INTO `new_post_user` (`id`, `user_id`, `visible_all`, `txt_post`, `media_id`, `created_at`, `updated_at`) VALUES ('19', '19', 0, 'Ea veritatis aut sit numquam architecto placeat vero optio. Nihil aliquid cupiditate quia porro.', '19', '2020-11-11 16:12:31', '2003-08-19 19:11:39');
INSERT INTO `new_post_user` (`id`, `user_id`, `visible_all`, `txt_post`, `media_id`, `created_at`, `updated_at`) VALUES ('20', '20', 0, 'Sit ex unde quia et. Dolor eaque ad molestiae possimus. Unde eum sunt nisi dolore ex eum officia.', '20', '1996-02-20 04:54:59', '1987-09-21 22:26:29');
INSERT INTO `new_post_user` (`id`, `user_id`, `visible_all`, `txt_post`, `media_id`, `created_at`, `updated_at`) VALUES ('21', '21', 0, 'Sequi sint dignissimos ducimus rem quo repudiandae rerum. Sunt aspernatur rerum voluptate molestias in dolores. Possimus aut eius rerum ex voluptatem.', '21', '2019-02-26 17:00:47', '2018-11-07 14:59:52');
INSERT INTO `new_post_user` (`id`, `user_id`, `visible_all`, `txt_post`, `media_id`, `created_at`, `updated_at`) VALUES ('22', '22', 0, 'Fugiat ex commodi facere beatae officia odit laboriosam. Quis omnis modi voluptatibus. Fugit non non et fuga molestiae.', '22', '1983-06-11 18:11:52', '1983-02-06 02:10:41');
INSERT INTO `new_post_user` (`id`, `user_id`, `visible_all`, `txt_post`, `media_id`, `created_at`, `updated_at`) VALUES ('23', '23', 1, 'Accusantium esse quia velit. Est aspernatur aut porro officia. Sunt magnam veritatis iure reprehenderit quia iste.', '23', '2002-05-02 06:57:26', '1986-03-07 12:24:55');
INSERT INTO `new_post_user` (`id`, `user_id`, `visible_all`, `txt_post`, `media_id`, `created_at`, `updated_at`) VALUES ('24', '24', 1, 'Ut in earum a minus quidem laudantium. Facilis blanditiis impedit dolor voluptas adipisci modi aut. Atque dolor assumenda incidunt.', '24', '1980-07-06 16:06:12', '1998-02-12 19:19:00');
INSERT INTO `new_post_user` (`id`, `user_id`, `visible_all`, `txt_post`, `media_id`, `created_at`, `updated_at`) VALUES ('25', '25', 0, 'Quo repellat nihil omnis aspernatur aliquam et. Dolorum non placeat quibusdam qui voluptatem sunt. Et provident excepturi reiciendis in qui sint.', '25', '2016-06-10 12:35:17', '2014-05-13 01:57:55');
INSERT INTO `new_post_user` (`id`, `user_id`, `visible_all`, `txt_post`, `media_id`, `created_at`, `updated_at`) VALUES ('26', '26', 0, 'Voluptatem culpa sapiente commodi nobis. Quia sit odio labore. Quia nulla deserunt dolores minus. Occaecati et explicabo ratione autem dolores consequatur ut.', '26', '1973-01-30 02:29:30', '2014-02-02 11:39:58');
INSERT INTO `new_post_user` (`id`, `user_id`, `visible_all`, `txt_post`, `media_id`, `created_at`, `updated_at`) VALUES ('27', '27', 0, 'Aut ex qui ea ullam. Accusantium non ratione iusto maxime dignissimos ipsum.\nAut minus fugit rem quos facere ipsa. Sunt eos maxime labore vel debitis placeat. Mollitia autem in aperiam.', '27', '1973-06-29 22:08:36', '2011-01-23 00:35:47');
INSERT INTO `new_post_user` (`id`, `user_id`, `visible_all`, `txt_post`, `media_id`, `created_at`, `updated_at`) VALUES ('28', '28', 1, 'Ut sit enim tenetur. Aliquid aperiam culpa et illum natus. Quo minima eum et ea voluptatibus nihil sint. Soluta et voluptate qui quis.', '28', '1976-02-10 10:43:02', '1977-08-02 21:54:22');
INSERT INTO `new_post_user` (`id`, `user_id`, `visible_all`, `txt_post`, `media_id`, `created_at`, `updated_at`) VALUES ('29', '29', 0, 'Dignissimos perspiciatis id explicabo tempora. Possimus numquam eaque molestias et. Veritatis debitis et iure.', '29', '1973-12-18 23:25:17', '1995-06-15 02:54:29');
INSERT INTO `new_post_user` (`id`, `user_id`, `visible_all`, `txt_post`, `media_id`, `created_at`, `updated_at`) VALUES ('30', '30', 0, 'Consequatur quod necessitatibus sequi et veniam dolor adipisci. Neque esse facere delectus. Sunt ipsam nesciunt qui perspiciatis sed. Accusamus sit cumque quia eveniet assumenda quibusdam expedita.', '30', '1997-06-10 18:02:25', '1974-05-26 21:59:00');
INSERT INTO `new_post_user` (`id`, `user_id`, `visible_all`, `txt_post`, `media_id`, `created_at`, `updated_at`) VALUES ('31', '31', 1, 'Dicta minima et voluptas voluptatibus. Molestias veniam sapiente pariatur eum ipsum aspernatur. Quia quas doloremque eligendi amet officiis consequatur fugit libero. Et omnis quia sunt non omnis ea.', '31', '2012-09-25 08:24:50', '1972-07-25 16:57:26');
INSERT INTO `new_post_user` (`id`, `user_id`, `visible_all`, `txt_post`, `media_id`, `created_at`, `updated_at`) VALUES ('32', '32', 1, 'Dolor doloribus quod unde ipsum dolorum aut eveniet. Quasi atque omnis et ut perferendis.', '32', '1973-08-04 11:45:21', '2007-01-14 07:09:28');
INSERT INTO `new_post_user` (`id`, `user_id`, `visible_all`, `txt_post`, `media_id`, `created_at`, `updated_at`) VALUES ('33', '33', 0, 'Recusandae quisquam maiores iusto dolorem dolores. Fuga eligendi reiciendis rem quam et est. Et quidem quod architecto. Inventore sed necessitatibus quibusdam nemo ipsum sed et.', '33', '1977-08-07 06:42:19', '1976-08-14 06:58:23');
INSERT INTO `new_post_user` (`id`, `user_id`, `visible_all`, `txt_post`, `media_id`, `created_at`, `updated_at`) VALUES ('34', '34', 1, 'Occaecati ab cumque quod et. Et ut quidem voluptas consequuntur aut id est sint. Excepturi et et quisquam a aliquid dolor.', '34', '1992-04-17 04:03:23', '2002-07-27 20:49:51');
INSERT INTO `new_post_user` (`id`, `user_id`, `visible_all`, `txt_post`, `media_id`, `created_at`, `updated_at`) VALUES ('35', '35', 1, 'Quaerat ipsa occaecati ipsum optio minus porro. Libero cum sit voluptate itaque. Et distinctio ipsum quidem ut.', '35', '2005-07-04 11:32:42', '1990-10-29 21:25:11');
INSERT INTO `new_post_user` (`id`, `user_id`, `visible_all`, `txt_post`, `media_id`, `created_at`, `updated_at`) VALUES ('36', '36', 0, 'Excepturi sit voluptatem temporibus quae saepe labore aut. Tempore commodi repudiandae dolor autem quia voluptas amet. Dicta maxime autem harum perspiciatis sunt.', '36', '2001-02-12 23:11:13', '1977-09-03 09:21:12');
INSERT INTO `new_post_user` (`id`, `user_id`, `visible_all`, `txt_post`, `media_id`, `created_at`, `updated_at`) VALUES ('37', '37', 1, 'Est ea inventore ut doloribus mollitia praesentium. Corporis pariatur nisi ut et. Voluptates earum eos explicabo animi.', '37', '2014-08-28 03:43:28', '1973-08-17 03:52:57');
INSERT INTO `new_post_user` (`id`, `user_id`, `visible_all`, `txt_post`, `media_id`, `created_at`, `updated_at`) VALUES ('38', '38', 0, 'Saepe porro et ut ut. Neque qui enim modi. Deleniti cupiditate quia velit et et quis iste. Consectetur quisquam eum sint sit.', '38', '2011-11-11 09:33:54', '1972-01-06 19:50:36');
INSERT INTO `new_post_user` (`id`, `user_id`, `visible_all`, `txt_post`, `media_id`, `created_at`, `updated_at`) VALUES ('39', '39', 1, 'Dolore nobis excepturi autem sed numquam mollitia est. Illum quia saepe distinctio ipsum culpa unde consequatur. Dolores saepe sed quis perspiciatis magni consequatur.', '39', '2007-01-28 09:02:49', '1973-06-23 08:13:06');
INSERT INTO `new_post_user` (`id`, `user_id`, `visible_all`, `txt_post`, `media_id`, `created_at`, `updated_at`) VALUES ('40', '40', 1, 'Assumenda eveniet eaque est adipisci. Aut repudiandae saepe non. Inventore et voluptatibus harum error dolorem mollitia. Id fugit expedita cum voluptatibus sed quasi et.', '40', '1971-01-14 14:22:47', '2014-11-10 21:06:35');
INSERT INTO `new_post_user` (`id`, `user_id`, `visible_all`, `txt_post`, `media_id`, `created_at`, `updated_at`) VALUES ('41', '41', 1, 'Qui eveniet dolorem esse sint itaque quae sunt. Ut sunt qui occaecati ut voluptatem natus temporibus. Et dolor ut doloremque sit sequi doloremque. Rerum omnis tempore voluptatem ipsam.', '41', '2005-03-18 20:59:28', '1991-03-15 23:40:25');
INSERT INTO `new_post_user` (`id`, `user_id`, `visible_all`, `txt_post`, `media_id`, `created_at`, `updated_at`) VALUES ('42', '42', 1, 'Unde sed voluptas quam qui magnam. Consequuntur distinctio voluptates autem temporibus ad esse. Earum non dolorum expedita cumque.', '42', '2002-12-26 13:28:21', '2018-09-09 03:24:57');
INSERT INTO `new_post_user` (`id`, `user_id`, `visible_all`, `txt_post`, `media_id`, `created_at`, `updated_at`) VALUES ('43', '43', 0, 'Molestias quasi quo nostrum praesentium quis iusto dicta. Facilis aut atque corporis sed dignissimos odio omnis. Voluptate provident ullam aut consequatur.', '43', '2006-08-07 15:14:12', '1985-05-17 21:12:18');
INSERT INTO `new_post_user` (`id`, `user_id`, `visible_all`, `txt_post`, `media_id`, `created_at`, `updated_at`) VALUES ('44', '44', 0, 'Adipisci enim sit neque aut. Error amet sequi et pariatur non. Sit velit eveniet qui corrupti accusamus voluptatibus. Quia rerum alias sed doloribus et rem quasi.', '44', '2012-12-09 12:25:29', '1985-09-21 00:14:59');
INSERT INTO `new_post_user` (`id`, `user_id`, `visible_all`, `txt_post`, `media_id`, `created_at`, `updated_at`) VALUES ('45', '45', 0, 'Libero iure animi beatae rerum. Ut sed eos quasi sed quidem. Iusto sunt qui rerum molestias. Aliquid corrupti id assumenda nulla qui labore corporis.', '45', '1975-07-11 13:50:59', '2016-08-15 14:08:57');
INSERT INTO `new_post_user` (`id`, `user_id`, `visible_all`, `txt_post`, `media_id`, `created_at`, `updated_at`) VALUES ('46', '46', 1, 'Eligendi autem possimus nihil possimus totam. Ea provident quod ex magnam minus fuga. Nostrum alias excepturi et nihil.', '46', '2006-11-30 06:50:52', '1996-03-17 09:00:00');
INSERT INTO `new_post_user` (`id`, `user_id`, `visible_all`, `txt_post`, `media_id`, `created_at`, `updated_at`) VALUES ('47', '47', 1, 'Nam ut voluptatum minima quaerat. Quo quae animi voluptatum sit.', '47', '1987-01-13 04:22:50', '1975-05-20 08:09:32');
INSERT INTO `new_post_user` (`id`, `user_id`, `visible_all`, `txt_post`, `media_id`, `created_at`, `updated_at`) VALUES ('48', '48', 0, 'Consectetur qui sequi tempora dicta dicta. Fugit magni in incidunt eum vitae. Explicabo possimus quo natus. Sequi minima est est qui quis labore et.', '48', '2017-09-04 16:00:07', '1973-01-08 16:59:04');
INSERT INTO `new_post_user` (`id`, `user_id`, `visible_all`, `txt_post`, `media_id`, `created_at`, `updated_at`) VALUES ('49', '49', 1, 'Consequatur officiis perferendis excepturi delectus est est. Ullam molestiae enim inventore dolorem quis consequatur ea. Soluta et deleniti ea. Sapiente neque cupiditate et.', '49', '1986-06-14 16:05:16', '1998-01-09 09:00:10');
INSERT INTO `new_post_user` (`id`, `user_id`, `visible_all`, `txt_post`, `media_id`, `created_at`, `updated_at`) VALUES ('50', '50', 1, 'Voluptas earum facilis consequuntur quod esse porro ad dolore. Dicta eum consequatur est repellendus saepe. Et facilis quia necessitatibus fugit est at. Voluptatum rem ut libero distinctio animi.', '50', '2012-02-21 11:15:04', '2007-02-17 15:09:32');
INSERT INTO `new_post_user` (`id`, `user_id`, `visible_all`, `txt_post`, `media_id`, `created_at`, `updated_at`) VALUES ('51', '51', 1, 'Error ea omnis rem molestias consequatur. Corporis aut aut officia excepturi incidunt ut. Maiores tempora vel et architecto consequatur aut corporis. Asperiores beatae aut nihil ex voluptatum.', '51', '1992-03-01 13:29:15', '1990-09-09 09:38:05');
INSERT INTO `new_post_user` (`id`, `user_id`, `visible_all`, `txt_post`, `media_id`, `created_at`, `updated_at`) VALUES ('52', '52', 1, 'Qui animi quia perferendis officiis. Atque ea enim dolor ducimus. Quam facere mollitia debitis deleniti et. Voluptatem voluptatum necessitatibus molestiae laboriosam.', '52', '2005-07-30 18:10:47', '2020-05-03 09:18:56');
INSERT INTO `new_post_user` (`id`, `user_id`, `visible_all`, `txt_post`, `media_id`, `created_at`, `updated_at`) VALUES ('53', '53', 0, 'Rerum atque beatae dolor dolores fugit. Libero et ea consequatur et.\nAssumenda et odio laborum vero. Alias et nemo tempore provident.', '53', '2012-07-16 22:22:41', '1988-01-10 00:43:40');
INSERT INTO `new_post_user` (`id`, `user_id`, `visible_all`, `txt_post`, `media_id`, `created_at`, `updated_at`) VALUES ('54', '54', 1, 'Est laudantium dolore ea sint. Quo veniam dolorem voluptatem cumque sapiente exercitationem. Occaecati omnis excepturi quia dolorem. Esse accusantium quo aliquid sunt.', '54', '2009-05-25 01:25:35', '2014-09-26 18:24:46');
INSERT INTO `new_post_user` (`id`, `user_id`, `visible_all`, `txt_post`, `media_id`, `created_at`, `updated_at`) VALUES ('55', '55', 1, 'Modi quod reiciendis adipisci. Repellendus aut distinctio ducimus excepturi quia autem odio.', '55', '1986-04-18 23:39:24', '1999-07-20 14:46:05');
INSERT INTO `new_post_user` (`id`, `user_id`, `visible_all`, `txt_post`, `media_id`, `created_at`, `updated_at`) VALUES ('56', '56', 1, 'Occaecati aspernatur reiciendis voluptatem enim corrupti facilis vel. Esse amet quia id maiores. Omnis et consequatur iure rerum. Ut qui voluptatem qui.', '56', '1988-08-03 16:35:14', '1987-01-31 07:32:44');
INSERT INTO `new_post_user` (`id`, `user_id`, `visible_all`, `txt_post`, `media_id`, `created_at`, `updated_at`) VALUES ('57', '57', 0, 'Tempora asperiores nihil optio facere sunt. Consequuntur similique quisquam nostrum nesciunt. Dicta non possimus perspiciatis quaerat odit soluta. Sit dolorem nisi error.', '57', '1975-12-31 04:31:02', '1972-08-22 00:46:37');
INSERT INTO `new_post_user` (`id`, `user_id`, `visible_all`, `txt_post`, `media_id`, `created_at`, `updated_at`) VALUES ('58', '58', 1, 'Deleniti odit magnam ut distinctio explicabo aperiam. Debitis qui voluptatem ipsum omnis. Voluptatem natus iusto accusantium et quaerat adipisci animi. At vel voluptatem velit dicta autem veritatis.', '58', '2002-11-19 16:17:39', '1985-12-09 05:34:56');
INSERT INTO `new_post_user` (`id`, `user_id`, `visible_all`, `txt_post`, `media_id`, `created_at`, `updated_at`) VALUES ('59', '59', 0, 'Culpa odit autem vitae et odio ducimus ut. Ducimus eligendi reprehenderit quia error placeat dignissimos officiis. Exercitationem laborum quam eveniet debitis ratione alias magnam accusantium.', '59', '1991-10-07 00:15:00', '1985-01-13 23:35:32');
INSERT INTO `new_post_user` (`id`, `user_id`, `visible_all`, `txt_post`, `media_id`, `created_at`, `updated_at`) VALUES ('60', '60', 0, 'Doloremque repudiandae veniam itaque repellendus in incidunt. Veritatis possimus consequatur adipisci nulla. Aperiam natus iste quis. Minima repellendus non eveniet possimus atque doloremque.', '60', '1980-03-14 16:34:09', '1995-12-20 17:56:33');
INSERT INTO `new_post_user` (`id`, `user_id`, `visible_all`, `txt_post`, `media_id`, `created_at`, `updated_at`) VALUES ('61', '61', 0, 'Repellat quo est inventore id et tempore et. Culpa fuga dolores dolores. Veniam ut eius tempore et delectus.', '61', '1987-06-18 08:22:05', '1987-06-01 09:52:59');
INSERT INTO `new_post_user` (`id`, `user_id`, `visible_all`, `txt_post`, `media_id`, `created_at`, `updated_at`) VALUES ('62', '62', 0, 'Accusamus autem magni ipsum eius. Minima in sit nemo expedita sint. Modi hic qui perferendis deleniti repellendus adipisci eos.', '62', '2007-11-21 19:22:50', '1976-09-01 04:25:12');
INSERT INTO `new_post_user` (`id`, `user_id`, `visible_all`, `txt_post`, `media_id`, `created_at`, `updated_at`) VALUES ('63', '63', 1, 'Vero sapiente in veritatis assumenda aut. Corrupti commodi praesentium ut voluptatem.', '63', '2014-09-05 17:29:06', '2005-06-01 10:09:14');
INSERT INTO `new_post_user` (`id`, `user_id`, `visible_all`, `txt_post`, `media_id`, `created_at`, `updated_at`) VALUES ('64', '64', 1, 'Eligendi aliquid labore temporibus sequi at. Aut quod aut asperiores nihil cupiditate. Cum voluptatem aliquid aspernatur occaecati. Non provident consequatur quia consequatur iure est sint.', '64', '1987-10-24 10:00:38', '1997-06-09 09:15:03');
INSERT INTO `new_post_user` (`id`, `user_id`, `visible_all`, `txt_post`, `media_id`, `created_at`, `updated_at`) VALUES ('65', '65', 1, 'Laboriosam odio cumque aut sapiente quia veritatis ab. Neque temporibus provident ut est sed. Quasi iusto quaerat voluptatem sed.', '65', '2004-04-17 15:03:12', '2009-01-19 02:32:51');
INSERT INTO `new_post_user` (`id`, `user_id`, `visible_all`, `txt_post`, `media_id`, `created_at`, `updated_at`) VALUES ('66', '66', 0, 'Et velit ex vel quibusdam. Nemo quidem saepe molestiae quasi cumque. Non impedit enim ipsam.\nFacere similique modi ad tempora. Corporis magnam corrupti deleniti ullam dolores.', '66', '1975-06-30 20:30:10', '2018-01-24 20:40:49');
INSERT INTO `new_post_user` (`id`, `user_id`, `visible_all`, `txt_post`, `media_id`, `created_at`, `updated_at`) VALUES ('67', '67', 1, 'Aliquid non dolorem minus aut. Id ab quia eius beatae sit exercitationem provident. Rerum sint distinctio officiis aut omnis ducimus quasi. Sapiente sunt et culpa et.', '67', '1972-08-19 01:23:54', '2003-04-04 13:41:46');
INSERT INTO `new_post_user` (`id`, `user_id`, `visible_all`, `txt_post`, `media_id`, `created_at`, `updated_at`) VALUES ('68', '68', 0, 'Rerum corporis laborum quia est. Fugit perferendis praesentium harum quibusdam quia alias maxime consequatur. Velit debitis voluptatibus tenetur omnis laboriosam consectetur cumque quam.', '68', '2011-06-11 09:42:04', '1979-07-18 01:08:17');
INSERT INTO `new_post_user` (`id`, `user_id`, `visible_all`, `txt_post`, `media_id`, `created_at`, `updated_at`) VALUES ('69', '69', 0, 'Qui a vel aut reprehenderit eum ut. Quisquam dolorum sunt dolorem optio aut. Vero dolor accusamus deserunt sint.\nEligendi nostrum cum non. Possimus quo est ad et. Eveniet blanditiis fuga aut dolores.', '69', '1977-11-12 08:33:58', '1994-01-23 10:48:00');
INSERT INTO `new_post_user` (`id`, `user_id`, `visible_all`, `txt_post`, `media_id`, `created_at`, `updated_at`) VALUES ('70', '70', 0, 'Dignissimos officia autem nam assumenda quisquam placeat. Molestias est dolor nam excepturi nihil dignissimos ex. Autem nihil non explicabo est sed maxime omnis.', '70', '2008-06-28 18:29:53', '2017-05-04 03:54:25');
INSERT INTO `new_post_user` (`id`, `user_id`, `visible_all`, `txt_post`, `media_id`, `created_at`, `updated_at`) VALUES ('71', '71', 0, 'Quia commodi maiores nesciunt voluptate corporis fugiat. Dolor officia laboriosam et aut cupiditate ut. Consequatur maiores esse laudantium occaecati cumque aliquam rerum.', '71', '1980-04-04 17:30:51', '1975-01-22 19:56:59');
INSERT INTO `new_post_user` (`id`, `user_id`, `visible_all`, `txt_post`, `media_id`, `created_at`, `updated_at`) VALUES ('72', '72', 1, 'Qui quaerat nisi optio cupiditate quod ut nam debitis. Eaque est et perferendis provident voluptatem. Impedit molestiae debitis et et cum. Veniam sed rerum ea.', '72', '1992-07-28 09:23:17', '2009-06-22 03:25:09');
INSERT INTO `new_post_user` (`id`, `user_id`, `visible_all`, `txt_post`, `media_id`, `created_at`, `updated_at`) VALUES ('73', '73', 1, 'Et soluta eos amet id expedita sunt recusandae. Et quis ex nostrum aperiam quis sint at. Qui consequatur magnam qui architecto enim.', '73', '1979-10-28 22:28:51', '2011-11-07 17:24:54');
INSERT INTO `new_post_user` (`id`, `user_id`, `visible_all`, `txt_post`, `media_id`, `created_at`, `updated_at`) VALUES ('74', '74', 0, 'Deserunt qui modi nam vitae iste eum. Error ad id vel minima. Molestiae debitis ad aliquam. Odit quibusdam aut similique provident distinctio ut.', '74', '2017-01-05 03:55:57', '2017-12-17 16:48:50');
INSERT INTO `new_post_user` (`id`, `user_id`, `visible_all`, `txt_post`, `media_id`, `created_at`, `updated_at`) VALUES ('75', '75', 0, 'Sunt velit vitae iusto quia tenetur at quasi. Illo et enim aut eos sed iusto. Nemo distinctio atque possimus.\nSaepe modi quam consequatur quam sed ab maiores. Est eligendi cupiditate iure quos in et.', '75', '2013-10-05 01:46:44', '1971-08-01 08:53:48');
INSERT INTO `new_post_user` (`id`, `user_id`, `visible_all`, `txt_post`, `media_id`, `created_at`, `updated_at`) VALUES ('76', '76', 0, 'Autem illum repellat quia rem. Hic nobis vitae quo aut. Quis rerum dolores dolorem sint voluptate tempora aut. Asperiores possimus vel ut quasi porro.', '76', '1980-03-09 02:44:28', '2020-04-22 12:17:23');
INSERT INTO `new_post_user` (`id`, `user_id`, `visible_all`, `txt_post`, `media_id`, `created_at`, `updated_at`) VALUES ('77', '77', 0, 'Sed enim nisi aliquid. Corporis amet non nisi temporibus omnis ullam. Atque aspernatur ut sunt et.', '77', '2000-01-30 17:05:28', '1985-11-23 21:40:48');
INSERT INTO `new_post_user` (`id`, `user_id`, `visible_all`, `txt_post`, `media_id`, `created_at`, `updated_at`) VALUES ('78', '78', 0, 'Ad praesentium facilis voluptatem. Nulla unde reprehenderit veniam aperiam fuga omnis at. Sunt rerum sed eligendi non impedit nisi iure sit. Consequatur ut error explicabo ut odio sed.', '78', '1993-02-11 12:53:22', '2020-05-26 10:35:12');
INSERT INTO `new_post_user` (`id`, `user_id`, `visible_all`, `txt_post`, `media_id`, `created_at`, `updated_at`) VALUES ('79', '79', 0, 'Nisi ad dolore quas quod incidunt aut. Repellat et et nisi ipsum. In natus ex voluptates voluptatem quos libero tenetur.', '79', '1984-04-15 14:24:11', '2017-04-04 12:49:33');
INSERT INTO `new_post_user` (`id`, `user_id`, `visible_all`, `txt_post`, `media_id`, `created_at`, `updated_at`) VALUES ('80', '80', 0, 'Cupiditate sed deleniti repellat facilis. Rerum aperiam veritatis incidunt eum cumque alias sed. Neque repellendus et est dolor et doloremque fugit quo. Voluptatum sint qui ducimus non velit.', '80', '1977-08-09 06:51:53', '2006-07-11 15:19:57');


#
# TABLE STRUCTURE FOR: profiles
#

DROP TABLE IF EXISTS `profiles`;

CREATE TABLE `profiles` (
  `user_id` bigint(20) unsigned NOT NULL,
  `gender` enum('f','m','x') COLLATE utf8mb4_unicode_ci NOT NULL,
  `birthday` date NOT NULL,
  `photo_id` bigint(20) unsigned DEFAULT NULL,
  `user_status` varchar(30) COLLATE utf8mb4_unicode_ci DEFAULT NULL,
  `city` varchar(130) COLLATE utf8mb4_unicode_ci DEFAULT NULL,
  `country` varchar(130) COLLATE utf8mb4_unicode_ci DEFAULT NULL,
  UNIQUE KEY `fk_profiles_users_to_idx` (`user_id`),
  UNIQUE KEY `photo_id` (`photo_id`),
  CONSTRAINT `fk_profiles_users` FOREIGN KEY (`user_id`) REFERENCES `users` (`id`)
) ENGINE=InnoDB DEFAULT CHARSET=utf8mb4 COLLATE=utf8mb4_unicode_ci;

INSERT INTO `profiles` (`user_id`, `gender`, `birthday`, `photo_id`, `user_status`, `city`, `country`) VALUES ('1', 'x', '1977-02-08', '216989', 'Illo dolorum qui deleniti expe', 'Nickton', 'Afghanistan');
INSERT INTO `profiles` (`user_id`, `gender`, `birthday`, `photo_id`, `user_status`, `city`, `country`) VALUES ('2', 'f', '2007-06-10', '20', 'Ratione ut sit est laboriosam ', 'Hiramfort', 'Bulgaria');
INSERT INTO `profiles` (`user_id`, `gender`, `birthday`, `photo_id`, `user_status`, `city`, `country`) VALUES ('3', 'm', '2016-04-09', '15042', 'Assumenda aut aut natus volupt', 'Kaileemouth', 'Senegal');
INSERT INTO `profiles` (`user_id`, `gender`, `birthday`, `photo_id`, `user_status`, `city`, `country`) VALUES ('4', 'x', '2010-08-19', '1260', 'Deleniti voluptatem quam quis ', 'Swaniawskimouth', 'Saint Vincent and the Grenadines');
INSERT INTO `profiles` (`user_id`, `gender`, `birthday`, `photo_id`, `user_status`, `city`, `country`) VALUES ('5', 'm', '1999-11-12', '0', 'Velit consequatur voluptas tem', 'Sharontown', 'Korea');
INSERT INTO `profiles` (`user_id`, `gender`, `birthday`, `photo_id`, `user_status`, `city`, `country`) VALUES ('6', 'f', '2016-05-18', '1', 'Voluptas fugit soluta nihil de', 'McKenziehaven', 'Saint Pierre and Miquelon');
INSERT INTO `profiles` (`user_id`, `gender`, `birthday`, `photo_id`, `user_status`, `city`, `country`) VALUES ('8', 'f', '2005-01-30', '1222508', 'In rerum maiores eos. Reprehen', 'Nicoleburgh', 'Algeria');
INSERT INTO `profiles` (`user_id`, `gender`, `birthday`, `photo_id`, `user_status`, `city`, `country`) VALUES ('10', 'f', '2018-09-18', '7', 'Reiciendis praesentium et dolo', 'East Cody', 'Australia');
INSERT INTO `profiles` (`user_id`, `gender`, `birthday`, `photo_id`, `user_status`, `city`, `country`) VALUES ('11', 'x', '1989-07-26', '473470', 'Consequatur rerum quia porro. ', 'West Montana', 'Kazakhstan');
INSERT INTO `profiles` (`user_id`, `gender`, `birthday`, `photo_id`, `user_status`, `city`, `country`) VALUES ('12', 'f', '1976-09-29', '383', 'Aut enim fugiat consequatur et', 'North Louisaborough', 'Mauritius');
INSERT INTO `profiles` (`user_id`, `gender`, `birthday`, `photo_id`, `user_status`, `city`, `country`) VALUES ('13', 'f', '1972-04-09', '319527', 'Quia ea quidem quod nesciunt. ', 'Hahnland', 'Cyprus');
INSERT INTO `profiles` (`user_id`, `gender`, `birthday`, `photo_id`, `user_status`, `city`, `country`) VALUES ('14', 'f', '1991-03-18', '35347', 'Accusantium minima laudantium ', 'West Shakirahaven', 'Nauru');
INSERT INTO `profiles` (`user_id`, `gender`, `birthday`, `photo_id`, `user_status`, `city`, `country`) VALUES ('15', 'm', '1992-06-07', '28954836', 'Beatae sint impedit cum aut se', 'Tevinbury', 'Afghanistan');
INSERT INTO `profiles` (`user_id`, `gender`, `birthday`, `photo_id`, `user_status`, `city`, `country`) VALUES ('16', 'f', '1999-07-12', '8', 'Et ipsum numquam et. Quisquam ', 'Buckridgeville', 'United States of America');
INSERT INTO `profiles` (`user_id`, `gender`, `birthday`, `photo_id`, `user_status`, `city`, `country`) VALUES ('17', 'f', '1975-06-01', '4719192', 'Dolorum et eaque error ut in l', 'Keeblerside', 'Mongolia');
INSERT INTO `profiles` (`user_id`, `gender`, `birthday`, `photo_id`, `user_status`, `city`, `country`) VALUES ('18', 'm', '2002-12-12', '120983', 'Voluptatem error magnam aut co', 'Lakinport', 'Malaysia');
INSERT INTO `profiles` (`user_id`, `gender`, `birthday`, `photo_id`, `user_status`, `city`, `country`) VALUES ('19', 'f', '2018-10-31', '267', 'Vel voluptas laudantium est eo', 'North Ulicesland', 'Estonia');
INSERT INTO `profiles` (`user_id`, `gender`, `birthday`, `photo_id`, `user_status`, `city`, `country`) VALUES ('20', 'm', '1980-01-05', '12101', 'Minus quis id odit expedita qu', 'Tressashire', 'Faroe Islands');
INSERT INTO `profiles` (`user_id`, `gender`, `birthday`, `photo_id`, `user_status`, `city`, `country`) VALUES ('21', 'f', '1989-06-07', '4202220', 'Repudiandae in autem aut rerum', 'Kulasberg', 'Malawi');
INSERT INTO `profiles` (`user_id`, `gender`, `birthday`, `photo_id`, `user_status`, `city`, `country`) VALUES ('22', 'f', '2014-05-05', '103', 'Ab ea non aut. Aperiam nulla c', 'New Marcellus', 'Romania');
INSERT INTO `profiles` (`user_id`, `gender`, `birthday`, `photo_id`, `user_status`, `city`, `country`) VALUES ('23', 'f', '1991-05-02', '3', 'Maiores eius nihil alias quibu', 'North Abbiehaven', 'Ghana');
INSERT INTO `profiles` (`user_id`, `gender`, `birthday`, `photo_id`, `user_status`, `city`, `country`) VALUES ('24', 'x', '1972-05-05', '4803397', 'Fugiat ipsum soluta aut eum ip', 'Maeganchester', 'Faroe Islands');
INSERT INTO `profiles` (`user_id`, `gender`, `birthday`, `photo_id`, `user_status`, `city`, `country`) VALUES ('25', 'f', '2011-09-05', '440793139', 'Accusamus autem ut corporis la', 'Demariobury', 'El Salvador');
INSERT INTO `profiles` (`user_id`, `gender`, `birthday`, `photo_id`, `user_status`, `city`, `country`) VALUES ('26', 'f', '2002-12-29', '2', 'Accusantium eos vitae aliquid ', 'Kesslerborough', 'Liberia');
INSERT INTO `profiles` (`user_id`, `gender`, `birthday`, `photo_id`, `user_status`, `city`, `country`) VALUES ('27', 'x', '1983-11-10', '5465140', 'Nemo sapiente dignissimos est ', 'Walterland', 'Tonga');
INSERT INTO `profiles` (`user_id`, `gender`, `birthday`, `photo_id`, `user_status`, `city`, `country`) VALUES ('28', 'f', '1989-09-11', '158724', 'Quia eum odit enim perspiciati', 'Herbertburgh', 'Australia');
INSERT INTO `profiles` (`user_id`, `gender`, `birthday`, `photo_id`, `user_status`, `city`, `country`) VALUES ('29', 'f', '2019-07-16', '543', 'Omnis qui aspernatur eum quo u', 'Wisokyhaven', 'Rwanda');
INSERT INTO `profiles` (`user_id`, `gender`, `birthday`, `photo_id`, `user_status`, `city`, `country`) VALUES ('31', 'f', '1986-11-08', '2483', 'Commodi earum ut omnis quo har', 'East Alberta', 'Togo');
INSERT INTO `profiles` (`user_id`, `gender`, `birthday`, `photo_id`, `user_status`, `city`, `country`) VALUES ('32', 'm', '1994-07-24', '52173390', 'Doloribus recusandae nihil aut', 'Maidamouth', 'Botswana');
INSERT INTO `profiles` (`user_id`, `gender`, `birthday`, `photo_id`, `user_status`, `city`, `country`) VALUES ('33', 'f', '1985-10-15', '787', 'Saepe explicabo ipsa quos quae', 'West Dorisland', 'French Polynesia');
INSERT INTO `profiles` (`user_id`, `gender`, `birthday`, `photo_id`, `user_status`, `city`, `country`) VALUES ('34', 'm', '1982-08-18', '1862', 'Dolor dolores unde rem dolores', 'Port Mina', 'Isle of Man');
INSERT INTO `profiles` (`user_id`, `gender`, `birthday`, `photo_id`, `user_status`, `city`, `country`) VALUES ('35', 'x', '2011-11-03', '507111859', 'Quo ad modi reiciendis nobis. ', 'Lehnerhaven', 'Cameroon');
INSERT INTO `profiles` (`user_id`, `gender`, `birthday`, `photo_id`, `user_status`, `city`, `country`) VALUES ('36', 'f', '2005-04-16', '4745', 'Velit ut alias quibusdam dolor', 'Dorrisville', 'Jersey');
INSERT INTO `profiles` (`user_id`, `gender`, `birthday`, `photo_id`, `user_status`, `city`, `country`) VALUES ('37', 'f', '1971-02-16', '351677969', 'Molestias atque aut quia vel c', 'Rohanfurt', 'Somalia');
INSERT INTO `profiles` (`user_id`, `gender`, `birthday`, `photo_id`, `user_status`, `city`, `country`) VALUES ('38', 'x', '2010-06-03', '93700963', 'Quidem aut fugit officiis prov', 'Kassulkeview', 'Finland');
INSERT INTO `profiles` (`user_id`, `gender`, `birthday`, `photo_id`, `user_status`, `city`, `country`) VALUES ('39', 'm', '2004-01-06', '525396', 'Ut error praesentium eum quas ', 'Eltaport', 'Cambodia');
INSERT INTO `profiles` (`user_id`, `gender`, `birthday`, `photo_id`, `user_status`, `city`, `country`) VALUES ('40', 'm', '1998-08-16', '171', 'Vero voluptatem rerum occaecat', 'Port Rollin', 'Kyrgyz Republic');
INSERT INTO `profiles` (`user_id`, `gender`, `birthday`, `photo_id`, `user_status`, `city`, `country`) VALUES ('41', 'f', '1978-07-18', '8622', 'Iste neque ratione maiores nis', 'Lutherbury', 'Poland');
INSERT INTO `profiles` (`user_id`, `gender`, `birthday`, `photo_id`, `user_status`, `city`, `country`) VALUES ('42', 'f', '1987-02-10', '51535', 'Molestias adipisci quod odio m', 'Soledadville', 'Ukraine');
INSERT INTO `profiles` (`user_id`, `gender`, `birthday`, `photo_id`, `user_status`, `city`, `country`) VALUES ('43', 'x', '1990-07-11', '40786', 'Dolores sunt recusandae et aut', 'Port Brownton', 'Chad');
INSERT INTO `profiles` (`user_id`, `gender`, `birthday`, `photo_id`, `user_status`, `city`, `country`) VALUES ('44', 'm', '1985-09-16', '32532', 'Neque eos cum facilis blanditi', 'New Brettstad', 'Greenland');
INSERT INTO `profiles` (`user_id`, `gender`, `birthday`, `photo_id`, `user_status`, `city`, `country`) VALUES ('45', 'f', '2011-10-11', '3460', 'Ut blanditiis nulla rem libero', 'Lake Camryn', 'Gibraltar');
INSERT INTO `profiles` (`user_id`, `gender`, `birthday`, `photo_id`, `user_status`, `city`, `country`) VALUES ('46', 'm', '1979-05-26', '7494', 'Sapiente nisi a explicabo volu', 'West Ikeburgh', 'Saint Kitts and Nevis');
INSERT INTO `profiles` (`user_id`, `gender`, `birthday`, `photo_id`, `user_status`, `city`, `country`) VALUES ('47', 'x', '2015-11-18', '22437873', 'Pariatur voluptatem error volu', 'Port Brainhaven', 'Palestinian Territory');
INSERT INTO `profiles` (`user_id`, `gender`, `birthday`, `photo_id`, `user_status`, `city`, `country`) VALUES ('48', 'm', '2000-07-04', '71539887', 'Neque repellendus inventore qu', 'New Natmouth', 'Zimbabwe');
INSERT INTO `profiles` (`user_id`, `gender`, `birthday`, `photo_id`, `user_status`, `city`, `country`) VALUES ('49', 'x', '1973-10-15', '18892', 'Et ut aut tenetur laudantium i', 'South Idaborough', 'China');
INSERT INTO `profiles` (`user_id`, `gender`, `birthday`, `photo_id`, `user_status`, `city`, `country`) VALUES ('50', 'm', '1976-03-19', '427', 'Eaque velit quam aut expedita.', 'South Kaylahview', 'Christmas Island');
INSERT INTO `profiles` (`user_id`, `gender`, `birthday`, `photo_id`, `user_status`, `city`, `country`) VALUES ('52', 'm', '2019-07-11', '15068', 'Id et est voluptatem quaerat u', 'Caylashire', 'Bulgaria');
INSERT INTO `profiles` (`user_id`, `gender`, `birthday`, `photo_id`, `user_status`, `city`, `country`) VALUES ('53', 'f', '1991-10-27', '135121', 'Voluptatibus est voluptate est', 'Bruenmouth', 'Swaziland');
INSERT INTO `profiles` (`user_id`, `gender`, `birthday`, `photo_id`, `user_status`, `city`, `country`) VALUES ('54', 'x', '1980-11-29', '29', 'Harum ratione est sint deserun', 'Hermanntown', 'Austria');
INSERT INTO `profiles` (`user_id`, `gender`, `birthday`, `photo_id`, `user_status`, `city`, `country`) VALUES ('55', 'm', '1995-07-29', '18', 'Sint dolores dolores dolores s', 'Port Lorenza', 'Saint Kitts and Nevis');
INSERT INTO `profiles` (`user_id`, `gender`, `birthday`, `photo_id`, `user_status`, `city`, `country`) VALUES ('56', 'f', '1990-10-03', '23395', 'Itaque eveniet est tempore ver', 'Reynoldsside', 'Iraq');
INSERT INTO `profiles` (`user_id`, `gender`, `birthday`, `photo_id`, `user_status`, `city`, `country`) VALUES ('57', 'f', '1992-10-20', '1047517', 'Corrupti qui et aliquid conseq', 'East Mikaylaburgh', 'Sao Tome and Principe');
INSERT INTO `profiles` (`user_id`, `gender`, `birthday`, `photo_id`, `user_status`, `city`, `country`) VALUES ('58', 'm', '1999-04-21', '491', 'Alias debitis quia beatae est.', 'Stephanyside', 'Solomon Islands');
INSERT INTO `profiles` (`user_id`, `gender`, `birthday`, `photo_id`, `user_status`, `city`, `country`) VALUES ('59', 'm', '1987-04-26', '16', 'Sit amet cum ex hic molestiae ', 'New Eleazar', 'Haiti');
INSERT INTO `profiles` (`user_id`, `gender`, `birthday`, `photo_id`, `user_status`, `city`, `country`) VALUES ('60', 'x', '1988-05-23', '1951487', 'Saepe aperiam sit sint dolorem', 'New Wellingtonmouth', 'Pitcairn Islands');
INSERT INTO `profiles` (`user_id`, `gender`, `birthday`, `photo_id`, `user_status`, `city`, `country`) VALUES ('62', 'm', '1976-09-27', '73972', 'Nostrum est minima id sit solu', 'Kassulkeberg', 'Anguilla');
INSERT INTO `profiles` (`user_id`, `gender`, `birthday`, `photo_id`, `user_status`, `city`, `country`) VALUES ('63', 'f', '1971-03-29', '234', 'Dolores delectus adipisci poss', 'East Justen', 'Namibia');
INSERT INTO `profiles` (`user_id`, `gender`, `birthday`, `photo_id`, `user_status`, `city`, `country`) VALUES ('64', 'x', '1983-07-10', '24', 'Culpa praesentium magni optio ', 'West Ernestina', 'Solomon Islands');
INSERT INTO `profiles` (`user_id`, `gender`, `birthday`, `photo_id`, `user_status`, `city`, `country`) VALUES ('65', 'm', '2006-04-14', '86227', 'Corrupti est sit ratione dolor', 'West Ransomhaven', 'Denmark');
INSERT INTO `profiles` (`user_id`, `gender`, `birthday`, `photo_id`, `user_status`, `city`, `country`) VALUES ('66', 'x', '1974-01-15', '1586748', 'Ut architecto nesciunt non por', 'East Orlandfurt', 'Oman');
INSERT INTO `profiles` (`user_id`, `gender`, `birthday`, `photo_id`, `user_status`, `city`, `country`) VALUES ('67', 'x', '1983-05-04', '1283', 'Veritatis inventore voluptas r', 'Electafurt', 'Saint Helena');
INSERT INTO `profiles` (`user_id`, `gender`, `birthday`, `photo_id`, `user_status`, `city`, `country`) VALUES ('68', 'f', '1984-11-15', '498', 'Ab esse fugit natus sit alias ', 'East Colinborough', 'Netherlands Antilles');
INSERT INTO `profiles` (`user_id`, `gender`, `birthday`, `photo_id`, `user_status`, `city`, `country`) VALUES ('69', 'm', '2011-09-05', '2867', 'Et qui qui nesciunt aut eum au', 'North Samsonchester', 'Uzbekistan');
INSERT INTO `profiles` (`user_id`, `gender`, `birthday`, `photo_id`, `user_status`, `city`, `country`) VALUES ('70', 'f', '1971-06-15', '223', 'Eos cupiditate quam distinctio', 'Kielport', 'Cameroon');
INSERT INTO `profiles` (`user_id`, `gender`, `birthday`, `photo_id`, `user_status`, `city`, `country`) VALUES ('71', 'm', '1982-01-16', '668168367', 'Facere inventore minus est sed', 'Arliefurt', 'Gibraltar');
INSERT INTO `profiles` (`user_id`, `gender`, `birthday`, `photo_id`, `user_status`, `city`, `country`) VALUES ('72', 'm', '1991-01-22', '14112349', 'Tempore natus aliquid dolorem.', 'Pfannerstillchester', 'Costa Rica');
INSERT INTO `profiles` (`user_id`, `gender`, `birthday`, `photo_id`, `user_status`, `city`, `country`) VALUES ('74', 'x', '1973-12-20', '121', 'Natus hic quaerat ut. Illum as', 'Josephstad', 'Angola');
INSERT INTO `profiles` (`user_id`, `gender`, `birthday`, `photo_id`, `user_status`, `city`, `country`) VALUES ('75', 'm', '1980-09-25', '434906', 'Ut rerum saepe ut asperiores o', 'Stehrbury', 'Bahrain');
INSERT INTO `profiles` (`user_id`, `gender`, `birthday`, `photo_id`, `user_status`, `city`, `country`) VALUES ('76', 'm', '1994-12-23', '440155', 'Aut consequatur quia ea labore', 'Terranceshire', 'Greece');
INSERT INTO `profiles` (`user_id`, `gender`, `birthday`, `photo_id`, `user_status`, `city`, `country`) VALUES ('77', 'f', '1986-07-29', '108', 'Qui et quos ex ut. In voluptas', 'Roobchester', 'Niue');
INSERT INTO `profiles` (`user_id`, `gender`, `birthday`, `photo_id`, `user_status`, `city`, `country`) VALUES ('78', 'x', '1975-11-05', '285798262', 'Fugiat autem consequatur ad li', 'Langton', 'Nepal');
INSERT INTO `profiles` (`user_id`, `gender`, `birthday`, `photo_id`, `user_status`, `city`, `country`) VALUES ('79', 'm', '1979-08-15', '197130', 'Autem repellendus debitis erro', 'Port Charlene', 'Moldova');
INSERT INTO `profiles` (`user_id`, `gender`, `birthday`, `photo_id`, `user_status`, `city`, `country`) VALUES ('81', 'm', '1994-05-16', '7222', 'Hic sit est placeat quisquam. ', 'North Jakefurt', 'India');
INSERT INTO `profiles` (`user_id`, `gender`, `birthday`, `photo_id`, `user_status`, `city`, `country`) VALUES ('84', 'x', '2002-12-20', '15375', 'Repellendus maxime voluptas mo', 'Howellfurt', 'Macedonia');
INSERT INTO `profiles` (`user_id`, `gender`, `birthday`, `photo_id`, `user_status`, `city`, `country`) VALUES ('85', 'f', '2005-02-11', '33608', 'Maiores cupiditate fugit labor', 'North Myrtice', 'Latvia');
INSERT INTO `profiles` (`user_id`, `gender`, `birthday`, `photo_id`, `user_status`, `city`, `country`) VALUES ('86', 'x', '1983-03-29', '31', 'Inventore labore aut dolorum n', 'South Asia', 'Saint Pierre and Miquelon');
INSERT INTO `profiles` (`user_id`, `gender`, `birthday`, `photo_id`, `user_status`, `city`, `country`) VALUES ('87', 'f', '1980-06-16', '3208', 'Voluptas repudiandae et asperi', 'North Irma', 'Tokelau');
INSERT INTO `profiles` (`user_id`, `gender`, `birthday`, `photo_id`, `user_status`, `city`, `country`) VALUES ('88', 'f', '1976-10-15', '180', 'Autem et voluptates id minima ', 'Port Eliane', 'Malta');
INSERT INTO `profiles` (`user_id`, `gender`, `birthday`, `photo_id`, `user_status`, `city`, `country`) VALUES ('89', 'x', '1979-08-31', '3232870', 'Autem qui voluptatibus consequ', 'Elianhaven', 'Reunion');
INSERT INTO `profiles` (`user_id`, `gender`, `birthday`, `photo_id`, `user_status`, `city`, `country`) VALUES ('90', 'm', '2002-01-31', '1402', 'Voluptatem maiores facilis con', 'Lake Elnoramouth', 'Moldova');
INSERT INTO `profiles` (`user_id`, `gender`, `birthday`, `photo_id`, `user_status`, `city`, `country`) VALUES ('91', 'm', '2014-10-13', '160244095', 'Esse molestiae expedita minus ', 'Port Alainashire', 'Germany');
INSERT INTO `profiles` (`user_id`, `gender`, `birthday`, `photo_id`, `user_status`, `city`, `country`) VALUES ('92', 'm', '1972-11-24', '89054', 'In nulla tempora numquam repre', 'Maggioborough', 'Kiribati');
INSERT INTO `profiles` (`user_id`, `gender`, `birthday`, `photo_id`, `user_status`, `city`, `country`) VALUES ('93', 'f', '1996-09-25', '96', 'Dolorem sed nam cum dolorem no', 'Port Matteoborough', 'Yemen');
INSERT INTO `profiles` (`user_id`, `gender`, `birthday`, `photo_id`, `user_status`, `city`, `country`) VALUES ('94', 'm', '1970-08-04', '93208', 'Repellat aut repellat nesciunt', 'Kovacekborough', 'Saint Pierre and Miquelon');
INSERT INTO `profiles` (`user_id`, `gender`, `birthday`, `photo_id`, `user_status`, `city`, `country`) VALUES ('96', 'f', '1985-05-30', '366', 'Iusto ipsa tempora debitis ita', 'Pattieville', 'Georgia');
INSERT INTO `profiles` (`user_id`, `gender`, `birthday`, `photo_id`, `user_status`, `city`, `country`) VALUES ('97', 'm', '1987-09-25', '36', 'Id voluptas vel eos aut culpa.', 'North Maribelstad', 'Zambia');
INSERT INTO `profiles` (`user_id`, `gender`, `birthday`, `photo_id`, `user_status`, `city`, `country`) VALUES ('98', 'm', '1975-08-19', '3792', 'Delectus totam iusto voluptas ', 'South Vidamouth', 'New Zealand');
INSERT INTO `profiles` (`user_id`, `gender`, `birthday`, `photo_id`, `user_status`, `city`, `country`) VALUES ('99', 'f', '2013-07-13', '563503385', 'Maiores incidunt eos autem dol', 'Makennahaven', 'Egypt');
INSERT INTO `profiles` (`user_id`, `gender`, `birthday`, `photo_id`, `user_status`, `city`, `country`) VALUES ('100', 'x', '2003-10-25', '2494', 'Maxime totam iste a ut in ab l', 'Jenafort', 'Taiwan');


#
# TABLE STRUCTURE FOR: users
#

DROP TABLE IF EXISTS `users`;

CREATE TABLE `users` (
  `id` bigint(20) unsigned NOT NULL AUTO_INCREMENT,
  `first_name` varchar(145) COLLATE utf8mb4_unicode_ci NOT NULL,
  `last_name` varchar(145) COLLATE utf8mb4_unicode_ci NOT NULL,
  `email` varchar(145) COLLATE utf8mb4_unicode_ci NOT NULL,
  `phone` varchar(11) COLLATE utf8mb4_unicode_ci DEFAULT NULL,
  `password_hash` char(65) COLLATE utf8mb4_unicode_ci DEFAULT NULL,
  `created_at` datetime NOT NULL DEFAULT current_timestamp(),
  PRIMARY KEY (`id`),
  UNIQUE KEY `email_unique` (`email`),
  UNIQUE KEY `phone_unique` (`phone`)
) ENGINE=InnoDB AUTO_INCREMENT=101 DEFAULT CHARSET=utf8mb4 COLLATE=utf8mb4_unicode_ci;

INSERT INTO `users` (`id`, `first_name`, `last_name`, `email`, `phone`, `password_hash`, `created_at`) VALUES ('1', 'Shanny', 'Doyle', 'lucy85@weber.com', '1-562-617-8', '06bfa9cdd6207ca23dc22dcb073ddb7b2c279891', '2006-10-27 20:56:48');
INSERT INTO `users` (`id`, `first_name`, `last_name`, `email`, `phone`, `password_hash`, `created_at`) VALUES ('2', 'Luella', 'McCullough', 'hunter.kris@hotmail.com', '+65(3)04007', '8055fc3e77aa44d353de95e49d437c41185f2fc9', '1998-11-18 04:16:13');
INSERT INTO `users` (`id`, `first_name`, `last_name`, `email`, `phone`, `password_hash`, `created_at`) VALUES ('3', 'Rex', 'Hayes', 'jschumm@hotmail.com', '241.370.914', 'c354b2fd61acb3afb22df84ea50f33c20cfa5468', '2001-05-10 02:02:07');
INSERT INTO `users` (`id`, `first_name`, `last_name`, `email`, `phone`, `password_hash`, `created_at`) VALUES ('4', 'Bennie', 'Kovacek', 'skyla.fadel@gmail.com', '(156)546-69', '99670fe5e110be79ea74b2e7b3b9e4bc3b4a5aab', '2006-12-14 04:49:51');
INSERT INTO `users` (`id`, `first_name`, `last_name`, `email`, `phone`, `password_hash`, `created_at`) VALUES ('5', 'Jayce', 'Little', 'oscar35@yahoo.com', '1-732-479-7', 'c0f27750c41ae838e47295c675f693f6b87ea9bf', '2002-09-15 17:55:35');
INSERT INTO `users` (`id`, `first_name`, `last_name`, `email`, `phone`, `password_hash`, `created_at`) VALUES ('6', 'Jimmie', 'Cole', 'mariana02@gmail.com', '02269239423', 'a8bf2dd5c9a9267959625fba7f81756bbe719cd8', '2011-05-27 08:25:38');
INSERT INTO `users` (`id`, `first_name`, `last_name`, `email`, `phone`, `password_hash`, `created_at`) VALUES ('7', 'Marcelle', 'Feeney', 'jasen91@cartwright.com', '504-078-087', '5e95368627770e8db698e61a5c7307cdaad739a5', '2003-03-25 05:21:28');
INSERT INTO `users` (`id`, `first_name`, `last_name`, `email`, `phone`, `password_hash`, `created_at`) VALUES ('8', 'Magdalena', 'Simonis', 'lwillms@yahoo.com', '179-354-131', '0b405c74a79a6cd03c24c6970032499b44ebce6a', '1992-08-17 22:35:22');
INSERT INTO `users` (`id`, `first_name`, `last_name`, `email`, `phone`, `password_hash`, `created_at`) VALUES ('9', 'Pierre', 'Balistreri', 'marvin.tyrel@townebahringer.com', '401.704.920', '324e6a60397f16ae1c162a48aa0c8d22096c6a0c', '1999-07-28 22:53:15');
INSERT INTO `users` (`id`, `first_name`, `last_name`, `email`, `phone`, `password_hash`, `created_at`) VALUES ('10', 'Alverta', 'McLaughlin', 'drake16@feest.com', '(694)954-65', '7995be064768dcc0e9c17ac232408173c10195fc', '2004-05-02 08:10:24');
INSERT INTO `users` (`id`, `first_name`, `last_name`, `email`, `phone`, `password_hash`, `created_at`) VALUES ('11', 'Leora', 'Kihn', 'salvatore.herzog@wuckert.biz', '+03(2)72417', '417e5fb20c6007db4296acc7f94b29bc3db903eb', '2000-07-18 14:32:48');
INSERT INTO `users` (`id`, `first_name`, `last_name`, `email`, `phone`, `password_hash`, `created_at`) VALUES ('12', 'Gregory', 'Boyer', 'shanahan.maybell@gmail.com', '+65(1)15418', '55be761996542bdf90794c06ab2a4ee51690fe0d', '2015-08-25 21:11:51');
INSERT INTO `users` (`id`, `first_name`, `last_name`, `email`, `phone`, `password_hash`, `created_at`) VALUES ('13', 'Nya', 'Treutel', 'volkman.eulah@yahoo.com', '860.743.714', 'e9b3c66b0de429bac99c73b93c3a3e26d125146d', '2003-11-07 21:56:34');
INSERT INTO `users` (`id`, `first_name`, `last_name`, `email`, `phone`, `password_hash`, `created_at`) VALUES ('14', 'Bartholome', 'Tromp', 'snitzsche@yahoo.com', '(896)388-17', '56850fe33a23edadbcd41dbf2abf185e0cdb940c', '2015-09-05 16:05:54');
INSERT INTO `users` (`id`, `first_name`, `last_name`, `email`, `phone`, `password_hash`, `created_at`) VALUES ('15', 'Loyce', 'Wintheiser', 'demetris22@baileyparker.net', '+66(6)97803', '49769d9b9283c01880fab23c2413d528d94a3d32', '2006-04-18 20:33:10');
INSERT INTO `users` (`id`, `first_name`, `last_name`, `email`, `phone`, `password_hash`, `created_at`) VALUES ('16', 'Maverick', 'Raynor', 'stroman.anibal@shields.com', '365-728-014', 'c38ba11ea5523fcffc53951b0c4ba006b61ff9d5', '2010-04-24 05:15:41');
INSERT INTO `users` (`id`, `first_name`, `last_name`, `email`, `phone`, `password_hash`, `created_at`) VALUES ('17', 'Edison', 'Tremblay', 'annalise.mckenzie@boehm.com', '644-886-606', '1fad5d8c65af0f540f6ed604c4e15d74feee073f', '1993-10-01 02:07:59');
INSERT INTO `users` (`id`, `first_name`, `last_name`, `email`, `phone`, `password_hash`, `created_at`) VALUES ('18', 'Blair', 'Von', 'anais.weber@walshhomenick.com', '487.417.788', '5e413a7a0a811fd4ca97720162f9b3e22d787f41', '2002-04-25 01:21:42');
INSERT INTO `users` (`id`, `first_name`, `last_name`, `email`, `phone`, `password_hash`, `created_at`) VALUES ('19', 'Saige', 'Bode', 'schuppe.orie@hartmann.com', '1-761-083-3', '309668f2343b9e9a046bdc5d9963137d0c1f0582', '1996-01-14 20:15:25');
INSERT INTO `users` (`id`, `first_name`, `last_name`, `email`, `phone`, `password_hash`, `created_at`) VALUES ('20', 'Jacynthe', 'Wolff', 'leuschke.martine@gmail.com', '(705)496-92', 'd960ec133309aadcbf7773cdcf6c8e53f054474f', '2018-05-05 16:26:28');
INSERT INTO `users` (`id`, `first_name`, `last_name`, `email`, `phone`, `password_hash`, `created_at`) VALUES ('21', 'Arlie', 'Heathcote', 'raynor.emie@armstrong.org', '1-360-126-4', '31b1e8756faeef26c726b7f30b49f20fe40f3b75', '2020-12-03 23:40:20');
INSERT INTO `users` (`id`, `first_name`, `last_name`, `email`, `phone`, `password_hash`, `created_at`) VALUES ('22', 'Myriam', 'Dare', 'zlubowitz@thielchamplin.org', '01780971848', '3368027438d1479be774a3c1825236fad5c07899', '2015-10-30 09:48:29');
INSERT INTO `users` (`id`, `first_name`, `last_name`, `email`, `phone`, `password_hash`, `created_at`) VALUES ('23', 'Dejon', 'Lindgren', 'alverta65@pollichullrich.com', '01416133022', 'a0fdba711e19a2cfd3ce6e1c8c724b5abe6717f1', '2008-10-29 01:15:56');
INSERT INTO `users` (`id`, `first_name`, `last_name`, `email`, `phone`, `password_hash`, `created_at`) VALUES ('24', 'Ena', 'Koss', 'ethyl93@hayes.info', '+03(0)16199', '0aa9ed4b264e6ec0fb29b8890f06f516c6c373a4', '2007-08-27 22:16:42');
INSERT INTO `users` (`id`, `first_name`, `last_name`, `email`, `phone`, `password_hash`, `created_at`) VALUES ('25', 'Jazmin', 'Lemke', 'cordell.huels@yahoo.com', '(234)355-75', 'a6e3a7667891d40028645a220c299cec8c1ac255', '2014-11-06 12:01:33');
INSERT INTO `users` (`id`, `first_name`, `last_name`, `email`, `phone`, `password_hash`, `created_at`) VALUES ('26', 'Duncan', 'Pouros', 'macie39@hotmail.com', '1-775-192-5', '0a8739b4f262672ac2fd9045711e7b7cf841893b', '2009-05-01 01:33:33');
INSERT INTO `users` (`id`, `first_name`, `last_name`, `email`, `phone`, `password_hash`, `created_at`) VALUES ('27', 'Hilario', 'Kassulke', 'queen15@mcdermott.info', '+19(8)69984', '8110546b3945b37cb9a0f7bf387256f20be37d3d', '1994-06-11 04:05:49');
INSERT INTO `users` (`id`, `first_name`, `last_name`, `email`, `phone`, `password_hash`, `created_at`) VALUES ('28', 'Cullen', 'Walsh', 'austen34@yahoo.com', '1-322-319-1', 'f97ed6d60b52d14c79ec2ab2dc7c595d15dd9bfc', '2008-11-20 13:03:00');
INSERT INTO `users` (`id`, `first_name`, `last_name`, `email`, `phone`, `password_hash`, `created_at`) VALUES ('29', 'Hassan', 'Mitchell', 'arvid75@yahoo.com', '1-368-716-5', 'e552dd1995ec63d8cd0d457d3e48eed4cf0990e3', '1999-12-14 01:24:03');
INSERT INTO `users` (`id`, `first_name`, `last_name`, `email`, `phone`, `password_hash`, `created_at`) VALUES ('30', 'Pablo', 'Skiles', 'zrunte@klein.com', '458-158-356', '89be05d211557127696c7ce22331f1a3c4da6931', '1997-08-25 01:40:54');
INSERT INTO `users` (`id`, `first_name`, `last_name`, `email`, `phone`, `password_hash`, `created_at`) VALUES ('31', 'Syble', 'Schulist', 'laisha46@schmitt.com', '09306627149', '1909ee5a615f94d2ccf1a9eb2a103e9dd9c2cc00', '2004-10-22 22:23:48');
INSERT INTO `users` (`id`, `first_name`, `last_name`, `email`, `phone`, `password_hash`, `created_at`) VALUES ('32', 'Lois', 'Conn', 'vance46@yahoo.com', '1-838-740-2', '3d108a9c03d4d32b5faacd9812c11f73b33cb1c1', '1998-04-04 01:54:12');
INSERT INTO `users` (`id`, `first_name`, `last_name`, `email`, `phone`, `password_hash`, `created_at`) VALUES ('33', 'Rubie', 'Langworth', 'dejuan36@hotmail.com', '1-112-691-2', '37c4b5b01f7609429f02d64865504654bd10aeb9', '2008-02-23 12:57:27');
INSERT INTO `users` (`id`, `first_name`, `last_name`, `email`, `phone`, `password_hash`, `created_at`) VALUES ('34', 'Emie', 'Kuvalis', 'effie94@croninzboncak.net', '(679)577-72', '1d9b195eb5dd35fc71c82c730a1afc6b6f6f8eb7', '1996-12-05 05:31:13');
INSERT INTO `users` (`id`, `first_name`, `last_name`, `email`, `phone`, `password_hash`, `created_at`) VALUES ('35', 'Waldo', 'McLaughlin', 'jbrakus@yahoo.com', '03566817986', '25d8c7adef39c10e51c8561dfde0b0181fab8544', '2017-04-19 14:19:37');
INSERT INTO `users` (`id`, `first_name`, `last_name`, `email`, `phone`, `password_hash`, `created_at`) VALUES ('36', 'Garrick', 'Roberts', 'virginia.lynch@hotmail.com', '1-963-494-1', 'de9d2d820f31eee7d2789d5d50b2587238987f9b', '2020-06-27 18:24:56');
INSERT INTO `users` (`id`, `first_name`, `last_name`, `email`, `phone`, `password_hash`, `created_at`) VALUES ('37', 'Chelsea', 'Luettgen', 'meaghan.johns@feest.com', '+41(8)84430', '437f761800c55ef298b4cdc7d43fe4de03474048', '1993-09-17 04:21:20');
INSERT INTO `users` (`id`, `first_name`, `last_name`, `email`, `phone`, `password_hash`, `created_at`) VALUES ('38', 'Laila', 'Ondricka', 'vhauck@lemkefriesen.org', '625-615-986', 'f9649739f9e7f63bad562327e375dc0dafa40272', '2002-04-20 14:22:34');
INSERT INTO `users` (`id`, `first_name`, `last_name`, `email`, `phone`, `password_hash`, `created_at`) VALUES ('39', 'Norval', 'Bruen', 'gia.nitzsche@hotmail.com', '033-835-224', '2ed8eac17176c26395914790b3f9ece2092db0b0', '1997-02-04 04:43:17');
INSERT INTO `users` (`id`, `first_name`, `last_name`, `email`, `phone`, `password_hash`, `created_at`) VALUES ('40', 'Shawna', 'Schaefer', 'tkessler@romaguera.com', '503.725.549', '8111f2304a84e13e1ba201a5be637846e563d255', '1993-06-11 00:19:02');
INSERT INTO `users` (`id`, `first_name`, `last_name`, `email`, `phone`, `password_hash`, `created_at`) VALUES ('41', 'Zakary', 'Hackett', 'klein.quinn@hoeger.com', '(257)239-69', 'ca2a471c364d536df8935b2d2b35c6f51b15f725', '1995-08-03 05:10:14');
INSERT INTO `users` (`id`, `first_name`, `last_name`, `email`, `phone`, `password_hash`, `created_at`) VALUES ('42', 'Shawna', 'Kunze', 'sheila35@gmail.com', '+38(6)75675', '95f49d6ac6bf30a4d8e3adf2173c113d2f9cb646', '2006-12-09 18:59:40');
INSERT INTO `users` (`id`, `first_name`, `last_name`, `email`, `phone`, `password_hash`, `created_at`) VALUES ('43', 'Jocelyn', 'Medhurst', 'eric.medhurst@wymanbogisich.com', '757.331.945', 'e7e3d0f693f084b01635b421e9cb2fce3452480f', '2005-01-16 23:51:35');
INSERT INTO `users` (`id`, `first_name`, `last_name`, `email`, `phone`, `password_hash`, `created_at`) VALUES ('44', 'Bonnie', 'Bednar', 'pmante@yahoo.com', '1-224-247-3', 'c4f3d831a2ea8eba5a4f4bc6e9d09c09667adbd5', '2017-12-07 12:11:51');
INSERT INTO `users` (`id`, `first_name`, `last_name`, `email`, `phone`, `password_hash`, `created_at`) VALUES ('45', 'Easter', 'Kuhic', 'xsawayn@durgan.com', '770.050.302', 'c1245d89b69d162496d9c42f9a56c1d087c4d2b5', '1999-09-06 05:56:16');
INSERT INTO `users` (`id`, `first_name`, `last_name`, `email`, `phone`, `password_hash`, `created_at`) VALUES ('46', 'Marcelo', 'Kozey', 'krogahn@rolfson.com', '(248)684-35', '442d62afc0687955b3e933b4666e7c69402020e3', '2013-12-12 01:33:06');
INSERT INTO `users` (`id`, `first_name`, `last_name`, `email`, `phone`, `password_hash`, `created_at`) VALUES ('47', 'Zane', 'Waters', 'fhickle@yahoo.com', '331-395-018', '5453121d6fd4478991de21c9a0e008b1482e0bfb', '1992-09-19 09:50:20');
INSERT INTO `users` (`id`, `first_name`, `last_name`, `email`, `phone`, `password_hash`, `created_at`) VALUES ('48', 'Doris', 'Lehner', 'uhartmann@yahoo.com', '1-286-556-7', '8013f515a491dce9993be5e75b31db6576f89bb8', '1994-12-10 21:48:07');
INSERT INTO `users` (`id`, `first_name`, `last_name`, `email`, `phone`, `password_hash`, `created_at`) VALUES ('49', 'Nicole', 'Quigley', 'elenor77@sanfordwilkinson.info', '(532)954-17', 'e6b4e4979f9d6aacac5afdaf0e8b21e766d64bd6', '2018-07-31 09:38:19');
INSERT INTO `users` (`id`, `first_name`, `last_name`, `email`, `phone`, `password_hash`, `created_at`) VALUES ('50', 'Abdullah', 'Runolfsson', 'conn.jules@rogahn.com', '03133253878', 'c3fbc8a7ddf8750cfb062c0c3f3a679c28abf20c', '2016-09-28 13:34:54');
INSERT INTO `users` (`id`, `first_name`, `last_name`, `email`, `phone`, `password_hash`, `created_at`) VALUES ('51', 'Evalyn', 'Moen', 'boehm.vickie@walkersatterfield.com', '439-753-921', 'a81a9e445952347abde8dabf0d87df6c808c15fa', '2001-04-16 04:34:33');
INSERT INTO `users` (`id`, `first_name`, `last_name`, `email`, `phone`, `password_hash`, `created_at`) VALUES ('52', 'Jettie', 'Shields', 'jerrod.reichert@hotmail.com', '+93(8)01261', 'ef76ffac1ef9dc4bdad673ba5948830ad33572a5', '2008-12-14 17:04:56');
INSERT INTO `users` (`id`, `first_name`, `last_name`, `email`, `phone`, `password_hash`, `created_at`) VALUES ('53', 'Chelsie', 'Bosco', 'jesus.jacobson@gmail.com', '685.749.323', '7b6d28363711cb0872388de70d1d5f58c872a9b6', '2017-09-30 18:15:35');
INSERT INTO `users` (`id`, `first_name`, `last_name`, `email`, `phone`, `password_hash`, `created_at`) VALUES ('54', 'Lorenz', 'Koss', 'sruecker@harber.info', '1-651-113-0', '460b4d8d177a46ff3e2e8587e0af62c97dc03d8d', '1992-08-25 16:00:08');
INSERT INTO `users` (`id`, `first_name`, `last_name`, `email`, `phone`, `password_hash`, `created_at`) VALUES ('55', 'Mya', 'Lang', 'rhea73@denesikmaggio.net', '500-067-430', '54bd8160abd0cf3d3ee80e4f5758efc3a391c201', '1993-06-20 21:36:00');
INSERT INTO `users` (`id`, `first_name`, `last_name`, `email`, `phone`, `password_hash`, `created_at`) VALUES ('56', 'Rashawn', 'Walsh', 'cecile.koch@hansen.com', '(028)057-76', 'ee6917016d2068a2f95a65ebfb6a6bc2f8e02711', '1991-10-28 13:20:40');
INSERT INTO `users` (`id`, `first_name`, `last_name`, `email`, `phone`, `password_hash`, `created_at`) VALUES ('57', 'Roma', 'Friesen', 'gayle.conn@gmail.com', '+36(6)04090', '63b8ac4aefdf55ce3a571ddbc2929cfce0e774a6', '2002-08-21 06:41:55');
INSERT INTO `users` (`id`, `first_name`, `last_name`, `email`, `phone`, `password_hash`, `created_at`) VALUES ('58', 'Jessyca', 'Tremblay', 'cornell81@gmail.com', '130-663-554', '2b02ca96f3ccea6c2bfe2fa4da6b5a7883c330fc', '2019-05-12 06:18:21');
INSERT INTO `users` (`id`, `first_name`, `last_name`, `email`, `phone`, `password_hash`, `created_at`) VALUES ('59', 'Fanny', 'Boyer', 'elmore23@gmail.com', '(600)153-74', '66c09194b4d93c4ce28d0e545ee3f31f8e62aa22', '2006-10-16 06:16:25');
INSERT INTO `users` (`id`, `first_name`, `last_name`, `email`, `phone`, `password_hash`, `created_at`) VALUES ('60', 'Luella', 'Predovic', 'hilll.ken@bashirian.com', '727-256-864', 'c52c1bf95ec6c258a1c8ab331e9a35edf140a279', '2015-05-13 22:38:44');
INSERT INTO `users` (`id`, `first_name`, `last_name`, `email`, `phone`, `password_hash`, `created_at`) VALUES ('61', 'Janick', 'Kling', 'lia.toy@yahoo.com', '1-569-506-3', '1c0f50fddbecbc5bb5ed72d43769b89bb21c2b8d', '2009-11-26 16:20:08');
INSERT INTO `users` (`id`, `first_name`, `last_name`, `email`, `phone`, `password_hash`, `created_at`) VALUES ('62', 'Arlo', 'Hand', 'rmayer@gmail.com', '1-614-599-4', 'bb54343441d81cef567164abc0f2175d7f61dfbf', '2011-08-03 14:24:17');
INSERT INTO `users` (`id`, `first_name`, `last_name`, `email`, `phone`, `password_hash`, `created_at`) VALUES ('63', 'Gordon', 'Smitham', 'borer.gunnar@hotmail.com', '1-386-555-1', '4aca8129ff4bb241c3dfc07043c823aeb8be8f60', '2007-04-27 20:51:23');
INSERT INTO `users` (`id`, `first_name`, `last_name`, `email`, `phone`, `password_hash`, `created_at`) VALUES ('64', 'Kirsten', 'Keeling', 'kaleb.tremblay@gmail.com', '02551283139', '32591d71b4d2bceb5a9d3688b8d79068552cab99', '1997-06-02 22:35:38');
INSERT INTO `users` (`id`, `first_name`, `last_name`, `email`, `phone`, `password_hash`, `created_at`) VALUES ('65', 'Lowell', 'Grant', 'obeatty@jacobi.net', '1-318-932-9', '328c9dd0a4c8cf968ce77e394bacb6a65c34bcac', '1996-05-26 05:47:10');
INSERT INTO `users` (`id`, `first_name`, `last_name`, `email`, `phone`, `password_hash`, `created_at`) VALUES ('66', 'Van', 'Schroeder', 'hyatt.garnett@white.com', '(310)993-98', '7eb4bb60d70e650b9acf31f4b37e42cb117f1af7', '1999-12-23 22:13:37');
INSERT INTO `users` (`id`, `first_name`, `last_name`, `email`, `phone`, `password_hash`, `created_at`) VALUES ('67', 'Junior', 'McGlynn', 'lora24@schowalterrau.com', '588.422.095', '826c59f3d937caf411a849f81332610b3e2e60fa', '2005-09-03 00:23:27');
INSERT INTO `users` (`id`, `first_name`, `last_name`, `email`, `phone`, `password_hash`, `created_at`) VALUES ('68', 'Jailyn', 'Hills', 'tania79@walker.com', '333.261.380', 'cf689b68b65024e80898bb274af64d615cafaf9c', '1999-02-19 19:24:01');
INSERT INTO `users` (`id`, `first_name`, `last_name`, `email`, `phone`, `password_hash`, `created_at`) VALUES ('69', 'Amos', 'Wisoky', 'norene53@gibson.com', '09640300177', 'd6c6bd7f3330266a5a241347e1e3d554a51bc0cd', '1994-08-11 15:08:07');
INSERT INTO `users` (`id`, `first_name`, `last_name`, `email`, `phone`, `password_hash`, `created_at`) VALUES ('70', 'Jessika', 'Luettgen', 'mya57@hotmail.com', '05043238879', '168f5a5eb3f984c0f8c59eaf1393d9b0d2884634', '2019-01-31 14:38:42');
INSERT INTO `users` (`id`, `first_name`, `last_name`, `email`, `phone`, `password_hash`, `created_at`) VALUES ('71', 'Cullen', 'Brown', 'kayley56@yahoo.com', '462-288-298', '9003b0bc3212b8f17484391f75219de563d24f36', '2013-04-25 05:33:44');
INSERT INTO `users` (`id`, `first_name`, `last_name`, `email`, `phone`, `password_hash`, `created_at`) VALUES ('72', 'Nicklaus', 'O\'Keefe', 'jayson.turner@yahoo.com', '519.692.364', '8102fcf5968f6ff900edf435984c51f318f2986e', '2017-10-29 07:13:19');
INSERT INTO `users` (`id`, `first_name`, `last_name`, `email`, `phone`, `password_hash`, `created_at`) VALUES ('73', 'Bobbie', 'Watsica', 'torrey.jerde@gmail.com', '1-725-912-8', 'a2381b022d6ddc8bf024f095ab2358924a8b838b', '2008-08-27 21:53:11');
INSERT INTO `users` (`id`, `first_name`, `last_name`, `email`, `phone`, `password_hash`, `created_at`) VALUES ('74', 'Hilario', 'Walker', 'pstiedemann@mcclurerogahn.com', '1-199-611-2', '4345a773932fdf542a93074d14b4ae3066cb94bf', '2005-05-23 02:56:18');
INSERT INTO `users` (`id`, `first_name`, `last_name`, `email`, `phone`, `password_hash`, `created_at`) VALUES ('75', 'Eleanore', 'O\'Keefe', 'qparisian@gmail.com', '(544)243-77', 'd8819b797d2eae6373e213907d0621db4848f9a1', '2006-06-20 22:10:54');
INSERT INTO `users` (`id`, `first_name`, `last_name`, `email`, `phone`, `password_hash`, `created_at`) VALUES ('76', 'Breana', 'Hintz', 'gaetano.heaney@gmail.com', '(391)054-67', 'a35dc62ea2c53df988302b29764a10ae0334be0e', '2014-11-07 10:58:31');
INSERT INTO `users` (`id`, `first_name`, `last_name`, `email`, `phone`, `password_hash`, `created_at`) VALUES ('77', 'Gage', 'Okuneva', 'gordon.hand@oreilly.com', '01317302632', 'aae79885bf34733314d9a2756497e5301e1efb7c', '1997-11-12 23:51:48');
INSERT INTO `users` (`id`, `first_name`, `last_name`, `email`, `phone`, `password_hash`, `created_at`) VALUES ('78', 'Laurel', 'Weissnat', 'grant.eloise@hotmail.com', '468-747-393', '8becba3456f059b7cb136a658037c44c9bd2eb67', '1998-07-10 04:13:13');
INSERT INTO `users` (`id`, `first_name`, `last_name`, `email`, `phone`, `password_hash`, `created_at`) VALUES ('79', 'Trenton', 'Herzog', 'jayce78@yahoo.com', '+40(7)96442', '2ca025ea16a93efaac38f6a9cc41afee70aa3eb9', '2004-10-31 14:03:31');
INSERT INTO `users` (`id`, `first_name`, `last_name`, `email`, `phone`, `password_hash`, `created_at`) VALUES ('80', 'Barton', 'Kihn', 'ed59@grahamhartmann.info', '088.003.140', '77a8fbc4a4340375ff83a82afc48b67dd65bef3c', '2013-07-29 04:23:07');
INSERT INTO `users` (`id`, `first_name`, `last_name`, `email`, `phone`, `password_hash`, `created_at`) VALUES ('81', 'Gretchen', 'Jerde', 'dickinson.cordia@hotmail.com', '440.792.226', 'eb5c55e5361a294d05cde1ff921f72de60fd3c13', '2002-06-04 03:06:28');
INSERT INTO `users` (`id`, `first_name`, `last_name`, `email`, `phone`, `password_hash`, `created_at`) VALUES ('82', 'Arnulfo', 'Weissnat', 'jakubowski.mariano@gmail.com', '+60(8)83585', 'fa16f53e8792030613b43a84f4a526e28cd70daf', '2018-04-14 12:19:03');
INSERT INTO `users` (`id`, `first_name`, `last_name`, `email`, `phone`, `password_hash`, `created_at`) VALUES ('83', 'Esta', 'Bartoletti', 'richmond.altenwerth@prosacco.org', '908.154.087', '0cc3de9d2bd185d4ae30c5fb6b14239768510bcf', '2019-11-30 00:11:27');
INSERT INTO `users` (`id`, `first_name`, `last_name`, `email`, `phone`, `password_hash`, `created_at`) VALUES ('84', 'Tanner', 'Swaniawski', 'schmitt.margarette@yahoo.com', '907-513-660', 'c9f7b500fe531e8f491dafb868b943354538830d', '2003-10-02 22:27:50');
INSERT INTO `users` (`id`, `first_name`, `last_name`, `email`, `phone`, `password_hash`, `created_at`) VALUES ('85', 'Cristina', 'Thompson', 'wkohler@gaylord.net', '883.315.148', 'cc1397bcf9fedc43262320ee6ade802215704b33', '2015-06-01 14:03:17');
INSERT INTO `users` (`id`, `first_name`, `last_name`, `email`, `phone`, `password_hash`, `created_at`) VALUES ('86', 'Thea', 'Dooley', 'mclaughlin.abigayle@hotmail.com', '022.822.932', 'a93277412e7210924ab3e03595c08320048a6971', '2004-08-20 18:23:34');
INSERT INTO `users` (`id`, `first_name`, `last_name`, `email`, `phone`, `password_hash`, `created_at`) VALUES ('87', 'Garfield', 'Wiegand', 'ford.dubuque@hotmail.com', '1-039-830-9', 'be50b9582f944935516718930a5641bf4bccb7a3', '2004-10-21 14:56:43');
INSERT INTO `users` (`id`, `first_name`, `last_name`, `email`, `phone`, `password_hash`, `created_at`) VALUES ('88', 'Victoria', 'Jacobs', 'kdicki@yahoo.com', '602.719.267', '6dfd0a48287855739766305f5f0a5d8b34c0cce3', '2012-02-19 03:11:22');
INSERT INTO `users` (`id`, `first_name`, `last_name`, `email`, `phone`, `password_hash`, `created_at`) VALUES ('89', 'Stefan', 'Dare', 'jerrold14@hotmail.com', '(305)762-45', 'f6c827ef3a5950d6911318d042a2a40f224d0104', '2000-11-28 10:51:47');
INSERT INTO `users` (`id`, `first_name`, `last_name`, `email`, `phone`, `password_hash`, `created_at`) VALUES ('90', 'Lewis', 'Jacobson', 'lonnie.harber@abbott.com', '148-823-350', '86b619ecb6b4dc331f49bb3b2d8e6072a948eb61', '1999-04-08 14:14:29');
INSERT INTO `users` (`id`, `first_name`, `last_name`, `email`, `phone`, `password_hash`, `created_at`) VALUES ('91', 'Ova', 'Stark', 'barton.sigmund@schuppe.biz', '458.190.329', '719223187dc99eb3c89086c73b552dd66d2347b3', '2010-09-25 19:05:07');
INSERT INTO `users` (`id`, `first_name`, `last_name`, `email`, `phone`, `password_hash`, `created_at`) VALUES ('92', 'Mariela', 'Price', 'kpacocha@gmail.com', '(831)342-82', '6ca81470c0215806a88f50d01a4921e2710d4dc4', '2010-10-29 11:44:18');
INSERT INTO `users` (`id`, `first_name`, `last_name`, `email`, `phone`, `password_hash`, `created_at`) VALUES ('93', 'Jonathan', 'Barton', 'ryann96@hotmail.com', '259-364-472', 'dedcf5117a7cf68746d4975d0127bd6380ad800d', '1992-01-06 11:27:55');
INSERT INTO `users` (`id`, `first_name`, `last_name`, `email`, `phone`, `password_hash`, `created_at`) VALUES ('94', 'Rickie', 'Harris', 'lkunze@hotmail.com', '1-453-018-8', '3689aa89268e5f2de3a63ed57436be1eb731c937', '2012-11-15 03:33:57');
INSERT INTO `users` (`id`, `first_name`, `last_name`, `email`, `phone`, `password_hash`, `created_at`) VALUES ('95', 'Miller', 'Gerlach', 'rmills@wizaborer.com', '207.868.939', '5096c268641a6198399dbedbec617d5eaeffdb6b', '2007-03-23 12:10:49');
INSERT INTO `users` (`id`, `first_name`, `last_name`, `email`, `phone`, `password_hash`, `created_at`) VALUES ('96', 'Berta', 'Marks', 'maynard.larson@gmail.com', '1-588-682-1', 'cff245513825c617d7a154852e9af34b4573d4c3', '2007-03-17 12:40:42');
INSERT INTO `users` (`id`, `first_name`, `last_name`, `email`, `phone`, `password_hash`, `created_at`) VALUES ('97', 'Oceane', 'Cormier', 'kallie75@yahoo.com', '036-677-370', '2f3d000ed3908191b4d7af368e2595c7810ce7c6', '1999-01-22 02:08:27');
INSERT INTO `users` (`id`, `first_name`, `last_name`, `email`, `phone`, `password_hash`, `created_at`) VALUES ('98', 'Donald', 'Orn', 'morissette.maymie@spencer.com', '822.509.780', '97a5a3f70bfab1bd9c8c5ae01c4957e3cc4eb555', '1998-04-29 11:19:28');
INSERT INTO `users` (`id`, `first_name`, `last_name`, `email`, `phone`, `password_hash`, `created_at`) VALUES ('99', 'Imelda', 'Lind', 'corwin.chet@hudson.biz', '439.383.359', '0befdaff97e82f71df17f3d7aae9d5cdc498eea8', '1992-09-22 07:24:08');
INSERT INTO `users` (`id`, `first_name`, `last_name`, `email`, `phone`, `password_hash`, `created_at`) VALUES ('100', 'Daren', 'Bergnaum', 'bauch.lou@treutel.net', '(133)680-51', '3982444899b3cf0e23bea84d7d2fa10f3ce1fceb', '2014-08-20 00:09:52');


